{"name":"Bzide","dataColors":["#1359F4","#3A3776","#E23368","#FFB96B","#1FCB97","#6EACED","#1B194A","#E2E4F3","#3599B8","#DFBFBF","#4AC5BB","#5F6B6D","#FB8281","#F4D25A","#7F898A","#A4DDEE","#FDAB89","#B687AC","#28738A","#A78F8F","#168980","#293537","#BB4A4A","#B59525","#475052","#6A9FB0","#BD7150","#7B4F71","#1B4D5C","#706060","#0F5C55","#1C2325","#7D3231","#796419","#303637","#476A75","#7E4B36","#52354C","#0D262E","#544848","#016AB8","#373D49","#FDB15D","#AAF20F","#5F646D","#8AA3EB","#FEE266","#A6687A","#3557B8","#DFCFBF","#4A91C5","#5F646D","#FBBF81","#C9F459","#7F838A","#A4B8EE","#FDE489","#B68794","#28428A","#A79B8F","#165889","#292E37","#BB824A","#8DB525","#474A52","#6A7CB0","#BDA750","#7B4F5A","#1B2C5C","#706860","#0F3C5C","#1C1E25","#7D5731","#5D7918","#303237","#475375","#7E6F36","#52343D","#0D152E","#544E48","#010EB8","#393749","#F9FD5D","#38F20F","#615F6D","#A08AEB","#CEFE66","#A67668","#5435B8","#DFDFBF","#4A53C5","#615F6D","#FAFB81","#7CF459","#807F8A","#B5A4EE","#DBFD89","#B69087","#3F288A","#A7A78F","#161F89","#2A2937","#BBBB4A","#45B525","#494752","#7A6AB0","#9CBD50","#7B594F","#291B5C","#707060","#0F155C","#1E1C25","#7C7D31","#2D7918","#303037","#514775","#697E36","#523B34","#140D2E","#545448","#4E01B8","#423749","#A9FD5D","#0FF256","#675F6D","#D18AEB","#82FE66","#A69468","#9535B8","#CFDFBF","#7D4AC5","#675F6D","#BCFB81","#59F484","#857F8A","#DAA4EE","#A1FD89","#B6A887","#6F288A","#9BA78F","#461689","#322937","#82BB4A","#25B54C","#4E4752","#9E6AB0","#65BD50","#7B6E4F","#4A1B5C","#687060","#2E0F5C","#221C25","#567D31","#187934","#343037","#684775","#457E36","#524934","#250D2E","#4E5448","#AA01B8","#493746","#5DFD62","#0FF2C7","#6D5F6B","#EB8AD3","#66FE96","#99A668","#B83598","#BFDFBF","#BA4AC5","#6D5F6B","#81FB82","#59F4D1","#8A7F89","#EEA4DD","#89FDAA","#ACB687","#8A2873","#8FA78F","#801689","#372934","#4ABB4A","#25B594","#524750","#B06A9F","#50BD70","#717B4F","#5C1B4D","#607060","#540F5C","#251C22","#317D32","#187964","#373036","#75476A","#367E4A","#4C5234","#2E0D26","#485448","#B8016A","#49373D","#5DFDB1","#0FAAF2","#6D5F64","#EB8AA3","#66FEE2","#7AA668","#B83557","#BFDFCF","#C54A91","#6D5F64","#81FBBF","#59C9F4","#8A7F83","#EEA4B8","#89FDE5","#94B687","#8A2842","#8FA79B","#891658","#37292E","#4ABB82","#258DB5","#52474A","#B06A7C","#50BDA7","#5B7B4F","#5C1B2C","#607068","#5C0F3C","#251C1E","#317D58","#185D79","#373032","#754752","#367E6F","#3D5234","#2E0D15","#48544E","#B8010E","#493937","#5DF9FD","#0F38F2","#6D615F","#EBA08A","#66CEFE","#68A676","#B85435","#BFDFDF","#C54A53","#6D615F","#81FAFB","#597CF4","#8A807F","#EEB5A4","#89DBFD","#87B691","#8A3F28","#8FA7A7","#89161E","#372A29","#4ABBBB","#2545B5","#524947","#B07A6A","#509CBD","#4F7B58","#5C291B","#607070","#5C0F15","#251E1C","#317C7D","#182D79","#373030","#755147","#36687E","#34523B","#2E140D","#485454","#B84E01","#494337","#5DA9FD","#560FF2","#6D685F","#EBD18A","#6681FE","#68A694","#B89535","#BFCFDF","#C57D4A","#6D685F","#81BCFB","#8459F4","#8A857F","#EEDAA4","#89A1FD","#87B6A8","#8A7028","#8F9BA7","#894616","#373229","#4A82BB","#4D25B5","#524E47","#B09E6A","#5065BD","#4F7B6F","#5C4A1B","#606870","#5C2E0F","#25221C","#31567D","#341879","#373430","#756947","#36447E","#345249","#2E250D","#484E54","#B8A901","#464937","#615DFD","#C70FF2","#6B6D5F","#D4EB8A","#9666FE","#6898A6","#99B835","#BFBFDF","#C5BA4A","#6B6D5F","#8181FB","#D159F4","#898A7F","#DDEEA4","#AA89FD","#87ACB6","#738A28","#8F8FA7","#897F16","#353729","#4A4ABB","#9425B5","#505247","#9FB06A","#7050BD","#4F717B","#4D5C1B","#606070","#5C540F","#23251C","#31317D","#641879","#363730","#6A7547","#4B367E","#344C52","#262E0D","#484854","#6AB801","#3D4937","#B15DFD","#F20FAA","#646D5F","#A3EB8A","#E266FE","#687AA6","#57B835","#CFBFDF","#91C54A","#646D5F","#BF81FB","#F459C9","#838A7F","#B7EEA4","#E589FD","#8794B6","#428A28","#9B8FA7","#588916","#2E3729","#824ABB","#B5258D","#4A5247","#7CB06A","#A750BD","#4F5B7B","#2C5C1B","#686070","#3C5C0F","#1E251C","#57317D","#79185D","#323730","#537547","#6F367E","#343D52","#152E0D","#4E4854","#0FB801","#37493A","#FD5DF9","#F20F39","#5F6D61","#8AEBA1","#FE66CE","#7568A6","#35B854","#DFBFDF","#54C54A","#5F6D61","#FB81FA","#F4597C","#7F8A80","#A4EEB5","#FD89DB","#9187B6","#288A3F","#A78FA7","#1F8916","#29372B","#BB4ABB","#B52544","#475249","#6AB07B","#BD509B","#594F7B","#1B5C2A","#706070","#155C0F","#1C251E","#7D317B","#79182D","#303731","#477552","#7E3668","#3B3452","#0D2E14","#544854","#01B84E","#374942","#FD5DA9","#F2560F","#5F6D67","#8AEBD1","#FE6682","#9468A6","#35B895","#DFBFCF","#4AC57D","#5F6D67","#FB81BD","#F48459","#7F8A85","#A4EEDA","#FD89A1","#A887B6","#288A6F","#A78F9B","#168946","#293732","#BB4A82","#B54C25","#47524E","#6AB09D","#BD5065","#6E4F7B","#1B5C4A","#706068","#0F5C2E","#1C2522","#7D3156","#793418","#303734","#477568","#7E3644","#493452","#0D2E25","#54484E"],"icons":{"Icon Red 1":{"url":"https://imagizer.imageshack.com/img922/5841/mc6O6l.png"},"Icon Red 2":{"url":"https://imagizer.imageshack.com/img924/3360/vinClF.png"},"Icon Red 3":{"url":"https://imagizer.imageshack.com/img922/4738/kVkA9X.png"},"Icon Blue 1":{"url":"https://imagizer.imageshack.com/img924/4021/WDQs6F.png"},"Icon Blue 2":{"url":"https://imagizer.imageshack.com/img924/3866/o2CU6e.png"},"Icon Blue 3":{"url":"https://imagizer.imageshack.com/img922/7302/2aZ08N.png"},"Icon Red 4":{"url":"https://imagizer.imageshack.com/img923/4281/EI01cB.png"},"Icon Red 5":{"url":"https://imagizer.imageshack.com/img922/3957/aTytVZ.png"},"Icon Red 6":{"url":"https://imagizer.imageshack.com/img923/1641/1NckIX.png"},"Icon Blue 4":{"url":"https://imagizer.imageshack.com/img923/9859/94Mo8b.png"},"Icon Blue 5":{"url":"https://imagizer.imageshack.com/img924/3058/ZUAbX1.png"},"Icon Blue 6":{"url":"https://imagizer.imageshack.com/img922/7271/FJu957.png"},"Icon Purple 7":{"url":"https://imagizer.imageshack.com/img922/9836/FupnXE.png"},"Icon Green 8":{"url":"https://imagizer.imageshack.com/img923/4983/3R6W2k.png"},"Icon Orange 9":{"url":"https://imagizer.imageshack.com/img923/4019/Tn89zx.png"},"Icon Yellow 9":{"url":"https://imagizer.imageshack.com/img924/9931/ipg3Op.png"},"Flecha arriba":{"url":"https://imagizer.imageshack.com/img923/5866/u04dJt.png"},"Flecha abajo":{"url":"https://imagizer.imageshack.com/img924/2276/R8jhGg.png"}},"visualStyles":{"page":{"*":{"background":[{"color":{"solid":{"color":"#F3F3F8"}},"_comment":10001,"transparency":0}],"outspace":[{"color":{"solid":{"color":"#ffffff"}},"_comment":10002,"transparency":0}],"outspacePane":[{"backgroundColor":{"solid":{"color":"#171831"}},"_comment":20029,"foregroundColor":{"solid":{"color":"#FFFFFF"}},"transparency":0,"titleSize":11,"headerSize":8,"fontFamily":"'Segoe UI', wf_segoe-ui_normal,helvetica, arial, sans-serif","border":true,"borderColor":{"solid":{"color":"#171831"}},"inputBoxColor":{"solid":{"color":"#171831"}}}],"filterCard":[{"$id":"Applied","transparency":0,"backgroundColor":{"solid":{"color":"#0b57a9"}},"_comment":29,"foregroundColor":{"solid":{"color":"#ffffff"}},"textSize":8.5,"fontFamily":"'Segoe UI', wf_segoe-ui_normal,helvetica, arial, sans-serif","border":true,"borderColor":{"solid":{"color":"#17183150"}},"inputBoxColor":{"solid":{"color":"#AAADD050"}}},{"$id":"Available","transparency":80,"backgroundColor":{"solid":{"color":"#000000"}},"_comment":34,"foregroundColor":{"solid":{"color":"#ffffff50"}},"textSize":8.5,"fontFamily":"'Segoe UI', wf_segoe-ui_normal,helvetica, arial, sans-serif","border":true,"borderColor":{"solid":{"color":"#35387050"}},"inputBoxColor":{"solid":{"color":"#000000"}}}]}},"lineChart":{"*":{"general":[{"responsive":false}],"legend":[{"show":true,"position":"Top","showTitle":true,"labelColor":{"solid":{"color":"#000000"}},"_comment":20007,"fontFamily":"'Segoe UI', wf_segoe-ui_normal,helvetica, arial, sans-serif","fontSize":8,"legendMarkerRendering":"markers only"}],"subheader":[{"fontSize":8,"_comment":40001,"fontColor":{"solid":{"color":"#000000"}},"alignment":"Left","position":"top","titleWrap":false,"fontFamily":"'Segoe UI Semibold', wf_segoe-ui_semibold,helvetica, arial, sans-serif"}],"smallMultiplesLayout":[{"rowCount":2,"columnCount":2,"backgroundColor":{"solid":{"color":"#FDFDFF"}},"_comment":20011,"backgroundTransparency":0,"gridLineType":"inner","gridLineColor":{"solid":{"color":"#E1E1ED90"}},"gridLineWidth":0.5,"gridLineStyle":"solid","gridPadding":5,"advancedPaddingOptions":false,"columnPaddingInner":5,"columnPaddingOuter":12,"rowPaddingInner":5,"rowPaddingOuter":12}],"categoryAxis":[{"show":true,"axisType":"Continuous","axisScale":"Linear","start":"Auto","end":"Auto","labelColor":{"solid":{"color":"#000000"}},"_comment":20052,"fontSize":8,"fontFamily":"'Segoe UI', wf_segoe-ui_normal,helvetica, arial, sans-serif","preferredCategoryWidth":20,"maxMarginFactor":50,"concatenateLabels":false,"labelDisplayUnits":0,"labelPrecision":"Auto","showAxisTitle":true,"axisStyle":"showTitleOnly","titleColor":{"solid":{"color":"#000000"}},"titleFontSize":8,"titleFontFamily":"'Segoe UI Semibold', wf_segoe-ui_semibold,helvetica, arial, sans-serif","gridlineShow":false,"gridlineColor":{"solid":{"color":"#B0AFC8"}},"gridlineThickness":0.5,"gridlineStyle":"solid"}],"valueAxis":[{"show":true,"position":"Left","axisScale":"Linear","start":"Auto","end":"Auto","labelColor":{"solid":{"color":"#000000"}},"_comment":20053,"fontSize":6.5,"fontFamily":"'Segoe UI', wf_segoe-ui_normal,helvetica, arial, sans-serif","labelDisplayUnits":0,"labelPrecision":0,"showAxisTitle":true,"axisStyle":"showTitleOnly","titleColor":{"solid":{"color":"#000000"}},"titleFontSize":8,"titleFontFamily":"'Segoe UI Semibold', wf_segoe-ui_semibold,helvetica, arial, sans-serif","gridlineShow":true,"gridlineColor":{"solid":{"color":"#E1E1ED90"}},"gridlineThickness":0.5,"gridlineStyle":"solid"}],"y2Axis":[{"show":true,"axisScale":"Linear","labelDisplayUnits":0,"secLabelColor":{"solid":{"color":"#000000"}},"_comment":22115,"secFontSize":6.5,"secFontFamily":"'Segoe UI', wf_segoe-ui_normal,helvetica, arial, sans-serif","secDisplayUnits":0,"secShowAxisTitle":true,"secAxisStyle":"showTitleOnly","secTitleColor":{"solid":{"color":"#000000"}},"secTitleFontSize":8,"secTitleFontFamily":"'Segoe UI Semibold', wf_segoe-ui_semibold,helvetica, arial, sans-serif"}],"zoom":[{"show":false,"showOnValueAxis":false,"showOnCategoryAxis":true,"showLabels":false,"showTooltip":false}],"labels":[{"show":false,"color":{"solid":{"color":"#000000"}},"_comment":20015,"labelDisplayUnits":"auto","labelPrecision":0,"fontSize":8,"fontFamily":"'Segoe UI', wf_segoe-ui_normal,helvetica, arial, sans-serif","enableBackground":false,"backgroundColor":{"solid":{"color":"#353870"}},"backgroundTransparency":80}],"lineStyles":[{"strokeWidth":1.5,"strokeLineJoin":"round","lineStyle":"solid","showMarker":false,"markerShape":"circle","markerSize":4,"markerColor":"ffffff"}],"plotArea":[{"transparency":0}],"title":[{"show":true,"titleWrap":true,"fontColor":{"solid":{"color":"#000000"}},"_comment":11004,"background":{"solid":{"color":"#FFFFFF00"}},"alignment":"left","fontSize":8,"fontFamily":"'Segoe UI Bold', wf_segoe-ui_bold, helvetica, arial, sans-serif","paddingTop":0,"paddingBottom":5,"paddingLeft":0,"paddingRight":0}],"background":[{"show":true,"color":{"solid":{"color":"#FDFDFF"}},"_comment":10003,"transparency":0}],"dropShadow":[{"show":true,"color":{"solid":{"color":"#6656BF"}},"_comment":10113,"shadowSpread":1,"shadowBlur":5,"angle":90,"shadowDistance":3,"transparency":98,"position":"Outside","preset":"Custom"}],"border":[{"show":true,"color":{"solid":{"color":"#FFFFFF"}},"_comment":10006,"radius":6}]}},"areaChart":{"*":{"general":[{"responsive":false}],"legend":[{"show":true,"position":"Top","showTitle":true,"labelColor":{"solid":{"color":"#000000"}},"_comment":20007,"fontFamily":"'Segoe UI', wf_segoe-ui_normal,helvetica, arial, sans-serif","fontSize":8,"legendMarkerRendering":"markers only"}],"subheader":[{"fontSize":8,"fontColor":{"solid":{"color":"#000000"}},"_comment":40001,"alignment":"Left","position":"top","titleWrap":false,"fontFamily":"'Segoe UI Semibold', wf_segoe-ui_semibold,helvetica, arial, sans-serif"}],"smallMultiplesLayout":[{"rowCount":2,"columnCount":2,"backgroundColor":{"solid":{"color":"#FDFDFF"}},"_comment":20011,"backgroundTransparency":0,"gridLineType":"inner","gridLineColor":{"solid":{"color":"#E1E1ED90"}},"gridLineWidth":0.5,"gridLineStyle":"solid","gridPadding":5,"advancedPaddingOptions":false,"columnPaddingInner":5,"columnPaddingOuter":12,"rowPaddingInner":5,"rowPaddingOuter":12}],"categoryAxis":[{"show":true,"axisType":"Continuous","axisScale":"Linear","start":"Auto","end":"Auto","labelColor":{"solid":{"color":"#000000"}},"_comment":20052,"fontSize":8,"fontFamily":"'Segoe UI', wf_segoe-ui_normal,helvetica, arial, sans-serif","preferredCategoryWidth":20,"maxMarginFactor":50,"concatenateLabels":false,"labelDisplayUnits":0,"labelPrecision":"Auto","showAxisTitle":true,"axisStyle":"showTitleOnly","titleColor":{"solid":{"color":"#000000"}},"titleFontSize":8,"titleFontFamily":"'Segoe UI Semibold', wf_segoe-ui_semibold,helvetica, arial, sans-serif","gridlineShow":false,"gridlineColor":{"solid":{"color":"#B0AFC8"}},"gridlineThickness":0.5,"gridlineStyle":"solid"}],"valueAxis":[{"show":true,"position":"Left","axisScale":"Linear","start":"Auto","end":"Auto","labelColor":{"solid":{"color":"#000000"}},"_comment":20053,"fontSize":6.5,"fontFamily":"'Segoe UI', wf_segoe-ui_normal,helvetica, arial, sans-serif","labelDisplayUnits":0,"labelPrecision":0,"showAxisTitle":true,"axisStyle":"showTitleOnly","titleColor":{"solid":{"color":"#000000"}},"titleFontSize":8,"titleFontFamily":"'Segoe UI Semibold', wf_segoe-ui_semibold,helvetica, arial, sans-serif","gridlineShow":true,"gridlineColor":{"solid":{"color":"#E1E1ED90"}},"gridlineThickness":0.5,"gridlineStyle":"solid"}],"y2Axis":[{"show":true,"axisScale":"Linear","labelDisplayUnits":0,"secLabelColor":{"solid":{"color":"#000000"}},"_comment":22115,"secFontSize":6.5,"secFontFamily":"'Segoe UI', wf_segoe-ui_normal,helvetica, arial, sans-serif","secDisplayUnits":0,"secShowAxisTitle":true,"secAxisStyle":"showTitleOnly","secTitleColor":{"solid":{"color":"#000000"}},"secTitleFontSize":8,"secTitleFontFamily":"'Segoe UI Semibold', wf_segoe-ui_semibold,helvetica, arial, sans-serif"}],"zoom":[{"show":false,"showOnValueAxis":false,"showOnCategoryAxis":true,"showLabels":false,"showTooltip":false}],"labels":[{"show":false,"color":{"solid":{"color":"#000000"}},"_comment":20015,"labelDisplayUnits":"auto","labelPrecision":0,"fontSize":8,"fontFamily":"'Segoe UI', wf_segoe-ui_normal,helvetica, arial, sans-serif","enableBackground":false,"backgroundColor":{"solid":{"color":"#353870"}},"backgroundTransparency":80}],"lineStyles":[{"strokeWidth":1.5,"strokeLineJoin":"round","lineStyle":"solid","showMarker":false,"markerShape":"circle","markerSize":4,"markerColor":"ffffff"}],"plotArea":[{"transparency":0}],"title":[{"show":true,"titleWrap":true,"fontColor":{"solid":{"color":"#000000"}},"_comment":11004,"background":{"solid":{"color":"#FFFFFF00"}},"alignment":"left","fontSize":8,"fontFamily":"'Segoe UI Bold', wf_segoe-ui_bold, helvetica, arial, sans-serif","paddingTop":0,"paddingBottom":5,"paddingLeft":0,"paddingRight":0}],"background":[{"show":true,"color":{"solid":{"color":"#FDFDFF"}},"_comment":10003,"transparency":0}],"dropShadow":[{"show":true,"color":{"solid":{"color":"#6656BF"}},"_comment":10113,"shadowSpread":1,"shadowBlur":5,"angle":90,"shadowDistance":3,"transparency":98,"position":"Outside","preset":"Custom"}],"border":[{"show":true,"color":{"solid":{"color":"#FFFFFF"}},"_comment":10006,"radius":6}]}},"stackedAreaChart":{"*":{"general":[{"responsive":false}],"legend":[{"show":true,"position":"Top","showTitle":true,"labelColor":{"solid":{"color":"#000000"}},"_comment":20007,"fontFamily":"'Segoe UI', wf_segoe-ui_normal,helvetica, arial, sans-serif","fontSize":8,"legendMarkerRendering":"markers only"}],"subheader":[{"fontSize":8,"fontColor":{"solid":{"color":"#000000"}},"_comment":40001,"alignment":"Left","position":"top","titleWrap":false,"fontFamily":"'Segoe UI Semibold', wf_segoe-ui_semibold,helvetica, arial, sans-serif"}],"smallMultiplesLayout":[{"rowCount":2,"columnCount":2,"backgroundColor":{"solid":{"color":"#FDFDFF"}},"_comment":20011,"backgroundTransparency":0,"gridLineType":"inner","gridLineColor":{"solid":{"color":"#E1E1ED90"}},"gridLineWidth":0.5,"gridLineStyle":"solid","gridPadding":5,"advancedPaddingOptions":false,"columnPaddingInner":5,"columnPaddingOuter":12,"rowPaddingInner":5,"rowPaddingOuter":12}],"categoryAxis":[{"show":true,"axisType":"Continuous","axisScale":"Linear","start":"Auto","end":"Auto","labelColor":{"solid":{"color":"#000000"}},"_comment":20052,"fontSize":8,"fontFamily":"'Segoe UI', wf_segoe-ui_normal,helvetica, arial, sans-serif","preferredCategoryWidth":20,"maxMarginFactor":50,"concatenateLabels":false,"labelDisplayUnits":0,"labelPrecision":"Auto","showAxisTitle":true,"axisStyle":"showTitleOnly","titleColor":{"solid":{"color":"#000000"}},"titleFontSize":8,"titleFontFamily":"'Segoe UI Semibold', wf_segoe-ui_semibold,helvetica, arial, sans-serif","gridlineShow":false,"gridlineColor":{"solid":{"color":"#B0AFC8"}},"gridlineThickness":0.5,"gridlineStyle":"solid"}],"valueAxis":[{"show":true,"position":"Left","axisScale":"Linear","start":"Auto","end":"Auto","labelColor":{"solid":{"color":"#000000"}},"_comment":20053,"fontSize":6.5,"fontFamily":"'Segoe UI', wf_segoe-ui_normal,helvetica, arial, sans-serif","labelDisplayUnits":0,"labelPrecision":0,"showAxisTitle":true,"axisStyle":"showTitleOnly","titleColor":{"solid":{"color":"#000000"}},"titleFontSize":8,"titleFontFamily":"'Segoe UI Semibold', wf_segoe-ui_semibold,helvetica, arial, sans-serif","gridlineShow":true,"gridlineColor":{"solid":{"color":"#E1E1ED90"}},"gridlineThickness":0.5,"gridlineStyle":"solid"}],"y2Axis":[{"show":true,"axisScale":"Linear","labelDisplayUnits":0,"secLabelColor":{"solid":{"color":"#000000"}},"_comment":22115,"secFontSize":6.5,"secFontFamily":"'Segoe UI', wf_segoe-ui_normal,helvetica, arial, sans-serif","secDisplayUnits":0,"secShowAxisTitle":true,"secAxisStyle":"showTitleOnly","secTitleColor":{"solid":{"color":"#000000"}},"secTitleFontSize":8,"secTitleFontFamily":"'Segoe UI Semibold', wf_segoe-ui_semibold,helvetica, arial, sans-serif"}],"zoom":[{"show":false,"showOnValueAxis":false,"showOnCategoryAxis":true,"showLabels":false,"showTooltip":false}],"labels":[{"show":false,"color":{"solid":{"color":"#000000"}},"_comment":20015,"labelDisplayUnits":"auto","labelPrecision":0,"fontSize":8,"fontFamily":"'Segoe UI', wf_segoe-ui_normal,helvetica, arial, sans-serif","enableBackground":false,"backgroundColor":{"solid":{"color":"#353870"}},"backgroundTransparency":80}],"lineStyles":[{"strokeWidth":1.5,"strokeLineJoin":"round","lineStyle":"solid","showMarker":false,"markerShape":"circle","markerSize":4,"markerColor":"ffffff"}],"plotArea":[{"transparency":0}],"title":[{"show":true,"titleWrap":true,"fontColor":{"solid":{"color":"#000000"}},"_comment":11004,"background":{"solid":{"color":"#FFFFFF00"}},"alignment":"left","fontSize":8,"fontFamily":"'Segoe UI Bold', wf_segoe-ui_bold, helvetica, arial, sans-serif","paddingTop":0,"paddingBottom":5,"paddingLeft":0,"paddingRight":0}],"background":[{"show":true,"color":{"solid":{"color":"#FDFDFF"}},"_comment":10003,"transparency":0}],"dropShadow":[{"show":true,"color":{"solid":{"color":"#6656BF"}},"_comment":10113,"shadowSpread":1,"shadowBlur":5,"angle":90,"shadowDistance":3,"transparency":98,"position":"Outside","preset":"Custom"}],"border":[{"show":true,"color":{"solid":{"color":"#FFFFFF"}},"_comment":10006,"radius":6}]}},"scatterChart":{"*":{"general":[{"responsive":false,"dataVolume":3500}],"legend":[{"show":true,"position":"Top","showTitle":true,"labelColor":{"solid":{"color":"#000000"}},"_comment":20007,"fontFamily":"'Segoe UI', wf_segoe-ui_normal,helvetica, arial, sans-serif","fontSize":8}],"categoryAxis":[{"show":true,"axisScale":"Linear","invertAxis":false,"labelColor":{"solid":{"color":"#000000"}},"_comment":20052,"fontSize":8,"fontFamily":"'Segoe UI', wf_segoe-ui_normal,helvetica, arial, sans-serif","labelDisplayUnits":0,"labelPrecision":"Auto","showAxisTitle":true,"axisStyle":"showTitleOnly","titleColor":{"solid":{"color":"#000000"}},"titleFontSize":8,"titleFontFamily":"'Segoe UI Semibold', wf_segoe-ui_semibold,helvetica, arial, sans-serif","gridlineShow":true,"gridlineColor":{"solid":{"color":"#E1E1ED90"}},"gridlineThickness":0.5,"gridlineStyle":"solid","treatNullsAsZero":true}],"valueAxis":[{"show":true,"position":"Left","axisScale":"Linear","invertAxis":false,"labelColor":{"solid":{"color":"#000000"}},"_comment":20053,"fontSize":6.5,"fontFamily":"'Segoe UI', wf_segoe-ui_normal,helvetica, arial, sans-serif","labelDisplayUnits":0,"labelPrecision":"Auto","showAxisTitle":true,"axisStyle":"showTitleOnly","titleColor":{"solid":{"color":"#000000"}},"titleFontSize":8,"titleFontFamily":"'Segoe UI Semibold', wf_segoe-ui_semibold,helvetica, arial, sans-serif","gridlineShow":true,"gridlineColor":{"solid":{"color":"#E1E1ED90"}},"gridlineThickness":0.5,"gridlineStyle":"solid","treatNullsAsZero":false}],"zoom":[{"show":false,"showOnValueAxis":false,"showOnCategoryAxis":true,"showLabels":false,"showTooltip":false}],"bubbles":[{"bubbleSize":-15,"markerShape":"circle","customizeSeries":false}],"plotArea":[{"transparency":0}],"categoryLabels":[{"show":true,"color":{"solid":{"color":"#000000"}},"_comment":20015,"fontSize":8,"fontFamily":"'Segoe UI', wf_segoe-ui_normal,helvetica, arial, sans-serif","enableBackground":false,"backgroundColor":{"solid":{"color":"#353870"}},"backgroundTransparency":90}],"colorBorder":[{"show":true}],"fillPoint":[{"show":true}],"colorByCategory":[{"show":false}],"lockAspect":[{"show":false}],"title":[{"show":true,"titleWrap":true,"fontColor":{"solid":{"color":"#000000"}},"_comment":11004,"background":{"solid":{"color":"#FFFFFF00"}},"alignment":"left","fontSize":8,"fontFamily":"'Segoe UI Bold', wf_segoe-ui_bold, helvetica, arial, sans-serif","paddingTop":0,"paddingBottom":5,"paddingLeft":0,"paddingRight":0}],"background":[{"show":true,"color":{"solid":{"color":"#FDFDFF"}},"_comment":10003,"transparency":0}],"dropShadow":[{"show":true,"color":{"solid":{"color":"#6656BF"}},"_comment":10113,"shadowSpread":1,"shadowBlur":5,"angle":90,"shadowDistance":3,"transparency":98,"position":"Outside","preset":"Custom"}]}},"pivotTable":{"*":{"stylePreset":[{"name":"None"}],"grid":[{"gridVertical":false,"gridVerticalColor":{"solid":{"color":"#FDFDFF"}},"_comment":72,"gridVerticalWeight":0.7,"gridHorizontal":true,"gridHorizontalColor":{"solid":{"color":"#E1E1ED"}},"gridHorizontalWeight":0.7,"rowPadding":7.3,"outlineColor":{"solid":{"color":"#F9F9FC"}},"outlineWeight":1,"textSize":10,"imageHeight":75}],"columnHeaders":[{"fontColor":{"solid":{"color":"#000000"}},"_comment":66,"backColor":{"solid":{"color":"#F3F4FA"}},"outline":"BottomOnly","autoSizeColumnWidth":true,"fontFamily":"'Segoe UI Bold', wf_segoe-ui_bold, helvetica, arial, sans-serif","fontSize":8,"alignment":"Auto","titleAlignment":"Auto","urlIcon":false,"wordWrap":true}],"rowHeaders":[{"fontColor":{"solid":{"color":"#000000"}},"_comment":73,"backColor":{"solid":{"color":"#FFFFFF50"}},"outline":"None","stepped":true,"steppedLayoutIndentation":15,"urlIcon":false,"wordWrap":true,"fontFamily":"'Segoe UI', wf_segoe-ui_normal,helvetica, arial, sans-serif","fontSize":8,"alignment":"Auto","showExpandCollapseButtons":true,"expandCollapseButtonsColor":{"solid":{"color":"#62ADFC"}},"expandCollapseButtonsSize":9}],"values":[{"fontColorPrimary":{"solid":{"color":"#000000"}},"_comment":69,"backColorPrimary":{"solid":{"color":"#ffffff"}},"fontColorSecondary":{"solid":{"color":"#000000"}},"backColorSecondary":{"solid":{"color":"#ffffff"}},"bandedRowHeaders":true,"valuesOnRow":false,"outline":"None","urlIcon":false,"wordWrap":true,"fontFamily":"'Segoe UI', wf_segoe-ui_normal,helvetica, arial, sans-serif","fontSize":8.5}],"subTotals":[{"rowSubtotals":true,"columnSubtotals":false,"fontColor":{"solid":{"color":"#0E74E1"}},"_comment":70,"backColor":{"solid":{"color":"#FFFFFF"}},"fontFamily":"'Segoe UI Semibold', wf_segoe-ui_semibold,helvetica, arial, sans-serif","fontSize":8,"applyToHeaders":true,"rowSubtotalsPosition":"Top","perRowLevel":false,"perColumnLevel":false,"levelSubtotalLabel":"0"}],"total":[{"totals":false,"fontColor":{"solid":{"color":"#000000"}},"_comment":71,"backColor":{"solid":{"color":"#FFFFFF"}},"fontFamily":"'Segoe UI', wf_segoe-ui_normal,helvetica, arial, sans-serif","applyToHeaders":true,"fontSize":9.5}],"title":[{"show":false,"titleWrap":true,"fontColor":{"solid":{"color":"#000000"}},"_comment":11004,"background":{"solid":{"color":"#FFFFFF00"}},"alignment":"left","fontSize":8,"fontFamily":"'Segoe UI Bold', wf_segoe-ui_bold, helvetica, arial, sans-serif","paddingTop":0,"paddingBottom":5,"paddingLeft":0,"paddingRight":0}],"background":[{"show":true,"color":{"solid":{"color":"#FDFDFF"}},"_comment":10003,"transparency":0}],"dropShadow":[{"show":true,"color":{"solid":{"color":"#6656BF"}},"_comment":10113,"shadowSpread":1,"shadowBlur":5,"angle":90,"shadowDistance":3,"transparency":98,"position":"Outside","preset":"Custom"}]}},"tableEx":{"*":{"general":[{"responsive":false}],"stylePreset":[{"name":"None"}],"grid":[{"gridVertical":false,"gridVerticalColor":{"solid":{"color":"#FDFDFF"}},"_comment":72,"gridVerticalWeight":0.7,"gridHorizontal":true,"gridHorizontalColor":{"solid":{"color":"#E1E1ED"}},"gridHorizontalWeight":0.7,"rowPadding":7.3,"outlineColor":{"solid":{"color":"#F9F9FC"}},"outlineWeight":1,"textSize":10,"imageHeight":75}],"columnHeaders":[{"fontColor":{"solid":{"color":"#000000"}},"_comment":66,"backColor":{"solid":{"color":"#F3F4FA"}},"outline":"Bottom only","autoSizeColumnWidth":true,"fontFamily":"'Segoe UI Bold', wf_segoe-ui_bold, helvetica, arial, sans-serif","fontSize":8,"alignment":"Auto","wordWrap":true}],"values":[{"fontColorPrimary":{"solid":{"color":"#000000"}},"_comment":69,"backColorPrimary":{"solid":{"color":"#FFFFFF00"}},"fontColorSecondary":{"solid":{"color":"#000000"}},"backColorSecondary":{"solid":{"color":"#FFFFFF00"}},"outline":"None","urlIcon":false,"wordWrap":true,"fontFamily":"'Segoe UI', wf_segoe-ui_normal,helvetica, arial, sans-serif","fontSize":8.5}],"total":[{"totals":false,"fontColor":{"solid":{"color":"#000000"}},"_comment":71,"backColor":{"solid":{"color":"#ffffff"}},"outline":"Top only","fontFamily":"'Segoe UI', wf_segoe-ui_normal,helvetica, arial, sans-serif","fontSize":9.5}],"title":[{"show":false,"titleWrap":true,"fontColor":{"solid":{"color":"#000000"}},"_comment":11004,"background":{"solid":{"color":"#FFFFFF00"}},"alignment":"left","fontSize":8,"fontFamily":"'Segoe UI Bold', wf_segoe-ui_bold, helvetica, arial, sans-serif","paddingTop":0,"paddingBottom":5,"paddingLeft":0,"paddingRight":0}],"background":[{"show":true,"color":{"solid":{"color":"#FDFDFF"}},"_comment":10003,"transparency":0}],"dropShadow":[{"show":true,"color":{"solid":{"color":"#6656BF"}},"_comment":10113,"shadowSpread":1,"shadowBlur":5,"angle":90,"shadowDistance":3,"transparency":98,"position":"Outside","preset":"Custom"}]}},"clusteredBarChart":{"*":{"general":[{"Responsive":false}],"legend":[{"show":true,"position":"Top","showTitle":true,"labelColor":{"solid":{"color":"#000000"}},"_comment":20007,"fontFamily":"'Segoe UI', wf_segoe-ui_normal,helvetica, arial, sans-serif","fontSize":8}],"subheader":[{"fontSize":8,"fontColor":{"solid":{"color":"#000000"}},"_comment":40001,"alignment":"Left","position":"top","titleWrap":false,"fontFamily":"'Segoe UI Semibold', wf_segoe-ui_semibold,helvetica, arial, sans-serif"}],"smallMultiplesLayout":[{"rowCount":2,"columnCount":2,"backgroundColor":{"solid":{"color":"#FDFDFF"}},"_comment":20011,"backgroundTransparency":0,"gridLineType":"inner","gridLineColor":{"solid":{"color":"#E1E1ED90"}},"gridLineWidth":0.5,"gridLineStyle":"solid","gridPadding":5,"advancedPaddingOptions":false,"columnPaddingInner":5,"columnPaddingOuter":12,"rowPaddingInner":5,"rowPaddingOuter":12}],"categoryAxis":[{"show":true,"position":"Left","axisType":"Continuous","axisScale":"Linear","start":"Auto","end":"Auto","labelColor":{"solid":{"color":"#000000"}},"_comment":20052,"fontSize":8,"fontFamily":"'Segoe UI', wf_segoe-ui_normal,helvetica, arial, sans-serif","preferredCategoryWidth":20,"maxMarginFactor":50,"innerPadding":60,"concatenateLabels":false,"showAxisTitle":true,"axisStyle":"showTitleOnly","titleColor":{"solid":{"color":"#000000"}},"titleFontSize":8,"titleFontFamily":"'Segoe UI Semibold', wf_segoe-ui_semibold,helvetica, arial, sans-serif","gridlineShow":false,"gridlineColor":{"solid":{"color":"#B0AFC8"}},"gridlineThickness":0.5,"gridlineStyle":"solid"}],"valueAxis":[{"show":true,"axisScale":"Linear","start":"Auto","end":"Auto","invertAxis":false,"labelColor":{"solid":{"color":"#000000"}},"_comment":20053,"fontSize":6.5,"fontFamily":"'Segoe UI', wf_segoe-ui_normal,helvetica, arial, sans-serif","labelDisplayUnits":0,"labelPrecision":"Auto","showAxisTitle":true,"axisStyle":"showTitleOnly","titleColor":{"solid":{"color":"#000000"}},"titleFontSize":8,"titleFontFamily":"'Segoe UI Semibold', wf_segoe-ui_semibold,helvetica, arial, sans-serif","gridlineShow":true,"gridlineColor":{"solid":{"color":"#E1E1ED90"}},"gridlineThickness":0.5,"gridlineStyle":"solid"}],"zoom":[{"show":false,"showOnValueAxis":false,"showOnCategoryAxis":true,"showLabels":false,"showTooltip":false}],"labels":[{"show":true,"color":{"solid":{"color":"#000000"}},"_comment":21015,"labelDisplayUnits":0,"labelPrecision":0,"labelOrientation":"horizontal","labelPosition":"OutsideEnd","labelOverflowtext":false,"fontSize":8,"fontFamily":"'Segoe UI', wf_segoe-ui_normal,helvetica, arial, sans-serif","labelDensity":50,"enableBackground":false,"backgroundColor":{"solid":{"color":"#000000"}},"backgroundTransparency":90}],"title":[{"show":true,"titleWrap":true,"fontColor":{"solid":{"color":"#000000"}},"_comment":11004,"background":{"solid":{"color":"#FFFFFF00"}},"alignment":"left","fontSize":8,"fontFamily":"'Segoe UI Bold', wf_segoe-ui_bold, helvetica, arial, sans-serif","paddingTop":0,"paddingBottom":5,"paddingLeft":0,"paddingRight":0}],"background":[{"show":true,"color":{"solid":{"color":"#FDFDFF"}},"_comment":10003,"transparency":0}],"dropShadow":[{"show":true,"color":{"solid":{"color":"#6656BF"}},"_comment":10113,"shadowSpread":1,"shadowBlur":5,"angle":90,"shadowDistance":3,"transparency":98,"position":"Outside","preset":"Custom"}],"border":[{"show":true,"color":{"solid":{"color":"#FFFFFF"}},"_comment":10006,"radius":6}]}},"clusteredColumnChart":{"*":{"general":[{"Responsive":false}],"legend":[{"show":false,"position":"Top","showTitle":true,"labelColor":{"solid":{"color":"#000000"}},"_comment":20007,"fontFamily":"'Segoe UI', wf_segoe-ui_normal,helvetica, arial, sans-serif","fontSize":8}],"subheader":[{"fontSize":8,"fontColor":{"solid":{"color":"#000000"}},"_comment":40001,"alignment":"Left","position":"top","titleWrap":false,"fontFamily":"'Segoe UI Semibold', wf_segoe-ui_semibold,helvetica, arial, sans-serif"}],"smallMultiplesLayout":[{"rowCount":2,"columnCount":2,"backgroundColor":{"solid":{"color":"#F3F4FA"}},"_comment":20011,"backgroundTransparency":0,"gridLineType":"inner","gridLineColor":{"solid":{"color":"#ffffff"}},"gridLineWidth":0.5,"gridLineStyle":"solid","gridPadding":5,"advancedPaddingOptions":false,"columnPaddingInner":5,"columnPaddingOuter":12,"rowPaddingInner":5,"rowPaddingOuter":12}],"categoryAxis":[{"show":true,"position":"Left","axisType":"Continuous","axisScale":"Linear","start":"Auto","end":"Auto","labelColor":{"solid":{"color":"#000000"}},"_comment":20052,"fontSize":8,"fontFamily":"'Segoe UI', wf_segoe-ui_normal,helvetica, arial, sans-serif","preferredCategoryWidth":20,"maxMarginFactor":50,"innerPadding":20,"concatenateLabels":false,"showAxisTitle":false,"axisStyle":"showTitleOnly","titleColor":{"solid":{"color":"#000000"}},"titleFontSize":8,"titleFontFamily":"'Segoe UI Semibold', wf_segoe-ui_semibold,helvetica, arial, sans-serif","gridlineShow":false,"gridlineColor":{"solid":{"color":"#B0AFC8"}},"gridlineThickness":0.5,"gridlineStyle":"solid"}],"valueAxis":[{"show":true,"position":"Left","axisScale":"Linear","start":"Auto","end":"Auto","invertAxis":false,"labelColor":{"solid":{"color":"#000000"}},"_comment":20053,"fontSize":6.5,"fontFamily":"'Segoe UI', wf_segoe-ui_normal,helvetica, arial, sans-serif","labelDisplayUnits":0,"labelPrecision":"Auto","showAxisTitle":true,"axisStyle":"showTitleOnly","titleColor":{"solid":{"color":"#000000"}},"titleFontSize":8,"titleFontFamily":"'Segoe UI Semibold', wf_segoe-ui_semibold,helvetica, arial, sans-serif","gridlineShow":true,"gridlineColor":{"solid":{"color":"#E1E1ED90"}},"gridlineThickness":0.5,"gridlineStyle":"solid"}],"zoom":[{"show":false,"showOnValueAxis":false,"showOnCategoryAxis":true,"showLabels":false,"showTooltip":false}],"labels":[{"show":true,"color":{"solid":{"color":"#000000"}},"_comment":21015,"labelDisplayUnits":0,"labelPrecision":0,"labelOrientation":"horizontal","labelPosition":"OutsideEnd","labelOverflowtext":true,"fontSize":8,"fontFamily":"'Segoe UI', wf_segoe-ui_normal,helvetica, arial, sans-serif","labelDensity":50,"enableBackground":false,"backgroundColor":{"solid":{"color":"#000000"}},"backgroundTransparency":90}],"title":[{"show":true,"titleWrap":true,"fontColor":{"solid":{"color":"#000000"}},"_comment":11004,"background":{"solid":{"color":"#FFFFFF00"}},"alignment":"left","fontSize":8,"fontFamily":"'Segoe UI Bold', wf_segoe-ui_bold, helvetica, arial, sans-serif","paddingTop":0,"paddingBottom":5,"paddingLeft":0,"paddingRight":0}],"background":[{"show":true,"color":{"solid":{"color":"#FDFDFF"}},"_comment":10003,"transparency":0}],"dropShadow":[{"show":true,"color":{"solid":{"color":"#6656BF"}},"_comment":10113,"shadowSpread":1,"shadowBlur":5,"angle":90,"shadowDistance":3,"transparency":98,"position":"Outside","preset":"Custom"}],"border":[{"show":true,"color":{"solid":{"color":"#FFFFFF"}},"_comment":10006,"radius":6}]}},"ribbonChart":{"*":{"general":[{"responsive":false}],"legend":[{"show":true,"position":"Top","showTitle":true,"labelColor":{"solid":{"color":"#000000"}},"_comment":20007,"fontFamily":"'Segoe UI', wf_segoe-ui_normal,helvetica, arial, sans-serif","fontSize":8}],"categoryAxis":[{"show":true,"axisType":"Continous","axisScale":"Linear","labelColor":{"solid":{"color":"#000000"}},"_comment":20052,"fontSize":8,"fontFamily":"'Segoe UI', wf_segoe-ui_normal,helvetica, arial, sans-serif","labelDisplayUnits":0,"labelPrecision":"Auto","preferredCategoryWidth":20,"maxMarginFactor":50,"concatenateLabels":false,"showAxisTitle":true,"axisStyle":"showTitleOnly","titleColor":{"solid":{"color":"#000000"}},"titleFontSize":8,"titleFontFamily":"'Segoe UI Semibold', wf_segoe-ui_semibold,helvetica, arial, sans-serif","gridlineShow":false,"gridlineColor":{"solid":{"color":"#B0AFC8"}},"gridlineThickness":0.5,"gridlineStyle":"solid"}],"zoom":[{"show":false,"showOnValueAxis":true,"showOnCategoryAxis":false,"showLabels":false,"showTooltip":false}],"labels":[{"show":true,"color":{"solid":{"color":"#ffffff"}},"_comment":20013,"labelDisplayUnits":0,"labelPrecision":0,"labelOrientation":"horizontal","labelPosition":"InsideCenter","labelOverflowtext":false,"fontSize":8,"fontFamily":"'Segoe UI', wf_segoe-ui_normal,helvetica, arial, sans-serif","labelDensity":50,"enableBackground":false,"backgroundColor":{"solid":{"color":"#353870"}},"backgroundTransparency":80}],"plotArea":[{"transparency":0}],"ribbonChart":[{"colorBands":true,"seriesGapRatio":5,"bandsTransparency":50,"showBorder":false}],"title":[{"show":true,"titleWrap":true,"fontColor":{"solid":{"color":"#000000"}},"_comment":11004,"background":{"solid":{"color":"#FFFFFF00"}},"alignment":"left","fontSize":8,"fontFamily":"'Segoe UI Bold', wf_segoe-ui_bold, helvetica, arial, sans-serif","paddingTop":0,"paddingBottom":5,"paddingLeft":0,"paddingRight":0}],"background":[{"show":true,"color":{"solid":{"color":"#FDFDFF"}},"_comment":10003,"transparency":0}],"dropShadow":[{"show":true,"color":{"solid":{"color":"#6656BF"}},"_comment":10113,"shadowSpread":1,"shadowBlur":5,"angle":90,"shadowDistance":3,"transparency":98,"position":"Outside","preset":"Custom"}]}},"funnel":{"*":{"categoryAxis":[{"show":true,"color":{"solid":{"color":"#000000"}},"_comment":20008,"fontSize":8,"fontFamily":"'Segoe UI', wf_segoe-ui_normal,helvetica, arial, sans-serif"}],"labels":[{"show":true,"labelStyle":"Data value","color":{"solid":{"color":"#ffffff"}},"_comment":20012,"labelDisplayUnits":0,"labelPrecision":1,"labelPosition":"InsideCenter","fontSize":8,"fontFamily":"'Segoe UI', wf_segoe-ui_normal,helvetica, arial, sans-serif"}],"percentBarLabel":[{"show":true,"color":{"solid":{"color":"#000000"}},"_comment":31009,"fontSize":6.5,"fontFamily":"'Segoe UI', wf_segoe-ui_normal,helvetica, arial, sans-serif"}],"title":[{"show":true,"titleWrap":true,"fontColor":{"solid":{"color":"#000000"}},"_comment":11004,"background":{"solid":{"color":"#FFFFFF00"}},"alignment":"left","fontSize":8,"fontFamily":"'Segoe UI Bold', wf_segoe-ui_bold, helvetica, arial, sans-serif","paddingTop":0,"paddingBottom":5,"paddingLeft":0,"paddingRight":0}],"background":[{"show":true,"color":{"solid":{"color":"#FDFDFF"}},"_comment":10003,"transparency":0}],"dropShadow":[{"show":true,"color":{"solid":{"color":"#6656BF"}},"_comment":10113,"shadowSpread":1,"shadowBlur":5,"angle":90,"shadowDistance":3,"transparency":98,"position":"Outside","preset":"Custom"}],"border":[{"show":true,"color":{"solid":{"color":"#FFFFFF"}},"_comment":10006,"radius":6}]}},"treemap":{"*":{"legend":[{"show":true,"position":"Top","showTitle":true,"labelColor":{"solid":{"color":"#000000"}},"_comment":20007,"fontFamily":"'Segoe UI', wf_segoe-ui_normal,helvetica, arial, sans-serif","fontSize":8}],"labels":[{"show":true,"labelStyle":"Data","color":{"solid":{"color":"#FFFFFF"}},"_comment":31010,"labelDisplayUnits":0,"labelPrecision":0,"fontSize":8,"fontFamily":"'Segoe UI Semibold', wf_segoe-ui_semibold,helvetica, arial, sans-serif"}],"categoryLabels":[{"show":true,"color":{"solid":{"color":"#FFFFFF"}},"_comment":31011,"fontSize":7,"fontFamily":"'Segoe UI', wf_segoe-ui_normal,helvetica, arial, sans-serif"}],"title":[{"show":true,"titleWrap":true,"fontColor":{"solid":{"color":"#000000"}},"_comment":11004,"background":{"solid":{"color":"#FFFFFF00"}},"alignment":"left","fontSize":8,"fontFamily":"'Segoe UI Bold', wf_segoe-ui_bold, helvetica, arial, sans-serif","paddingTop":0,"paddingBottom":5,"paddingLeft":0,"paddingRight":0}],"background":[{"show":true,"color":{"solid":{"color":"#FDFDFF"}},"_comment":10003,"transparency":0}],"dropShadow":[{"show":true,"color":{"solid":{"color":"#6656BF"}},"_comment":10113,"shadowSpread":1,"shadowBlur":5,"angle":90,"shadowDistance":3,"transparency":98,"position":"Outside","preset":"Custom"}],"border":[{"show":true,"color":{"solid":{"color":"#FFFFFF"}},"_comment":10006,"radius":6}]}},"waterfallChart":{"*":{"general":[{"responsive":false}],"legend":[{"show":true,"position":"Top","showTitle":true,"labelColor":{"solid":{"color":"#000000"}},"_comment":20007,"fontFamily":"'Segoe UI', wf_segoe-ui_normal,helvetica, arial, sans-serif","fontSize":8}],"categoryAxis":[{"show":true,"labelColor":{"solid":{"color":"#000000"}},"_comment":20114,"fontSize":8,"fontFamily":"'Segoe UI', wf_segoe-ui_normal,helvetica, arial, sans-serif","preferredCategoryWidth":20,"maxMarginFactor":50,"innerPadding":20,"showAxisTitle":true,"axisStyle":"showTitleOnly","titleColor":{"solid":{"color":"#000000"}},"titleFontSize":8,"titleFontFamily":"'Segoe UI Semibold', wf_segoe-ui_semibold,helvetica, arial, sans-serif"}],"valueAxis":[{"show":true,"position":"left","start":"Auto","end":"Auto","invertAxis":false,"labelColor":{"solid":{"color":"#000000"}},"_comment":20053,"fontSize":6.5,"fontFamily":"'Segoe UI', wf_segoe-ui_normal,helvetica, arial, sans-serif","labelDisplayUnits":0,"labelPrecision":"Auto","showAxisTitle":true,"axisStyle":"showTitleOnly","titleColor":{"solid":{"color":"#000000"}},"titleFontSize":8,"titleFontFamily":"'Segoe UI Semibold', wf_segoe-ui_semibold,helvetica, arial, sans-serif","gridlineShow":true,"gridlineColor":{"solid":{"color":"#E1E1ED90"}},"gridlineThickness":0.5,"gridlineStyle":"solid"}],"labels":[{"show":true,"color":{"solid":{"color":"#000000"}},"_comment":21015,"labelDisplayUnits":"auto","labelPrecision":0,"labelOrientation":"Horizontal","labelPosition":"OutsideEnd","fontSize":8,"fontFamily":"'Segoe UI', wf_segoe-ui_normal,helvetica, arial, sans-serif","enableBackground":false,"backgroundColor":{"solid":{"color":"#000000"}},"backgroundTransparency":90}],"plotArea":[{"transparency":0}],"sentimentColors":[{"increaseFill":{"solid":{"color":"#4CD5AC"}},"_comment":49,"decreaseFill":{"solid":{"color":"#E85C86"}},"totalFill":{"solid":{"color":"#C8CCE8"}},"otherFill":{"solid":{"color":"#0B57A9"}}}],"breakdown":[{"maxBreakdowns":2}],"title":[{"show":true,"titleWrap":true,"fontColor":{"solid":{"color":"#000000"}},"_comment":11004,"background":{"solid":{"color":"#FFFFFF00"}},"alignment":"left","fontSize":8,"fontFamily":"'Segoe UI Bold', wf_segoe-ui_bold, helvetica, arial, sans-serif","paddingTop":0,"paddingBottom":5,"paddingLeft":0,"paddingRight":0}],"background":[{"show":true,"color":{"solid":{"color":"#FDFDFF"}},"_comment":10003,"transparency":0}],"dropShadow":[{"show":true,"color":{"solid":{"color":"#6656BF"}},"_comment":10113,"shadowSpread":1,"shadowBlur":5,"angle":90,"shadowDistance":3,"transparency":98,"position":"Outside","preset":"Custom"}],"border":[{"show":true,"color":{"solid":{"color":"#FFFFFF"}},"_comment":10006,"radius":6}]}},"pieChart":{"*":{"legend":[{"show":true,"position":"Top","showTitle":true,"labelColor":{"solid":{"color":"#000000"}},"_comment":20007,"fontFamily":"'Segoe UI', wf_segoe-ui_normal,helvetica, arial, sans-serif","fontSize":8}],"labels":[{"show":true,"labelStyle":"Data, percent of total","color":{"solid":{"color":"#000000"}},"_comment":20014,"labelDisplayUnits":"auto","labelPrecision":0,"percentageLabelPrecision":0,"fontSize":8,"fontFamily":"'Segoe UI', wf_segoe-ui_normal,helvetica, arial, sans-serif","position":"outside"}],"title":[{"show":true,"titleWrap":true,"fontColor":{"solid":{"color":"#000000"}},"_comment":11004,"background":{"solid":{"color":"#FFFFFF00"}},"alignment":"left","fontSize":8,"fontFamily":"'Segoe UI Bold', wf_segoe-ui_bold, helvetica, arial, sans-serif","paddingTop":0,"paddingBottom":5,"paddingLeft":0,"paddingRight":0}],"background":[{"show":true,"color":{"solid":{"color":"#FDFDFF"}},"_comment":10003,"transparency":0}],"dropShadow":[{"show":true,"color":{"solid":{"color":"#6656BF"}},"_comment":10113,"shadowSpread":1,"shadowBlur":5,"angle":90,"shadowDistance":3,"transparency":98,"position":"Outside","preset":"Custom"}],"border":[{"show":true,"color":{"solid":{"color":"#FFFFFF"}},"_comment":10006,"radius":6}]}},"donutChart":{"*":{"legend":[{"show":true,"position":"Top","showTitle":true,"labelColor":{"solid":{"color":"#000000"}},"_comment":20007,"fontFamily":"'Segoe UI', wf_segoe-ui_normal,helvetica, arial, sans-serif","fontSize":8}],"labels":[{"show":true,"labelStyle":"Data, percent of total","color":{"solid":{"color":"#000000"}},"_comment":20014,"labelDisplayUnits":"auto","labelPrecision":0,"fontSize":8,"fontFamily":"'Segoe UI', wf_segoe-ui_normal,helvetica, arial, sans-serif","position":"outside"}],"slices":[{"innerRadiusRatio":70}],"title":[{"show":true,"titleWrap":true,"fontColor":{"solid":{"color":"#000000"}},"_comment":11004,"background":{"solid":{"color":"#FFFFFF00"}},"alignment":"left","fontSize":8,"fontFamily":"'Segoe UI Bold', wf_segoe-ui_bold, helvetica, arial, sans-serif","paddingTop":0,"paddingBottom":5,"paddingLeft":0,"paddingRight":0}],"background":[{"show":true,"color":{"solid":{"color":"#FDFDFF"}},"_comment":10003,"transparency":0}],"dropShadow":[{"show":true,"color":{"solid":{"color":"#6656BF"}},"_comment":10113,"shadowSpread":1,"shadowBlur":5,"angle":90,"shadowDistance":3,"transparency":98,"position":"Outside","preset":"Custom"}],"border":[{"show":true,"color":{"solid":{"color":"#FFFFFF"}},"_comment":10006,"radius":6}]}},"barChart":{"*":{"general":[{"Responsive":false}],"subheader":[{"show":true,"fontSize":8,"fontColor":{"solid":{"color":"#000000"}},"_comment":40001,"alignment":"left","position":"top","titleWrap":false,"fontFamily":"'Segoe UI Semibold', wf_segoe-ui_semibold,helvetica, arial, sans-serif"}],"smallMultiplesLayout":[{"rowCount":2,"columnCount":2,"backgroundColor":{"solid":{"color":"#FDFDFF"}},"_comment":20011,"backgroundTransparency":0,"gridLineType":"all","gridLineColor":{"solid":{"color":"#E1E1ED90"}},"gridlineStyle":"solid","gridLineWidth":0.5,"gridPadding":5,"advancedPaddingOptions":false,"columnPaddingInner":5,"columnPaddingOuter":12,"rowPaddingInner":5,"rowPaddingOuter":12}],"legend":[{"show":true,"position":"Top","showTitle":true,"labelColor":{"solid":{"color":"#000000"}},"_comment":20007,"fontFamily":"'Segoe UI', wf_segoe-ui_normal,helvetica, arial, sans-serif","fontSize":8}],"categoryAxis":[{"show":true,"position":"Left","axisType":"Continuous","axisScale":"Linear","labelDisplayUnits":0,"labelPrecision":"Auto","labelColor":{"solid":{"color":"#000000"}},"_comment":20052,"fontSize":8,"fontFamily":"'Segoe UI', wf_segoe-ui_normal,helvetica, arial, sans-serif","preferredCategoryWidth":20,"maxMarginFactor":50,"innerPadding":80,"suppressConcat":false,"showAxisTitle":true,"axisStyle":"showTitleOnly","titleColor":{"solid":{"color":"#000000"}},"titleFontSize":8,"titleFontFamily":"'Segoe UI Semibold', wf_segoe-ui_semibold,helvetica, arial, sans-serif","gridlineShow":false,"gridlineColor":{"solid":{"color":"#B0AFC8"}},"gridlineThickness":0.5,"gridlineStyle":"solid"}],"valueAxis":[{"show":true,"axisScale":"Linear","start":"Auto","end":"Auto","invertAxis":false,"labelColor":{"solid":{"color":"#000000"}},"_comment":20053,"fontSize":6.5,"fontFamily":"'Segoe UI', wf_segoe-ui_normal,helvetica, arial, sans-serif","labelDisplayUnits":0,"labelPrecision":"Auto","showAxisTitle":true,"axisStyle":"showTitleOnly","titleColor":{"solid":{"color":"#000000"}},"titleFontSize":8,"titleFontFamily":"'Segoe UI Semibold', wf_segoe-ui_semibold,helvetica, arial, sans-serif","gridlineShow":true,"gridlineColor":{"solid":{"color":"#E1E1ED90"}},"gridlineThickness":0.5,"gridlineStyle":"solid"}],"zoom":[{"show":false,"showOnValueAxis":false,"showOnCategoryAxis":false,"showLabels":false,"showTooltip":false}],"labels":[{"show":true,"color":{"solid":{"color":"#000000"}},"_comment":20013,"labelDisplayUnits":0,"labelPrecision":"Auto","labelPosition":"OutsideEnd","labelOverflow":false,"fontSize":8,"fontFamily":"'Segoe UI', wf_segoe-ui_normal,helvetica, arial, sans-serif","enableBackground":false,"backgroundColor":{"solid":{"color":"#353870"}},"backgroundTransparency":80}],"totals":[{"show":false,"color":{"solid":{"color":"#000000"}},"_comment":20017,"labelDisplayUnits":0,"labelPrecision":"Auto","fontSize":9,"fontFamily":"'Segoe UI Semibold', wf_segoe-ui_semibold,helvetica, arial, sans-serif","enableBackground":false,"backgroundColor":{"solid":{"color":"#353870"}},"backgroundTransparency":90,"showPositiveAndNegative":false}],"plotArea":[{"transparency":0}],"title":[{"show":true,"titleWrap":true,"fontColor":{"solid":{"color":"#000000"}},"_comment":11004,"background":{"solid":{"color":"#FFFFFF00"}},"alignment":"left","fontSize":8,"fontFamily":"'Segoe UI Bold', wf_segoe-ui_bold, helvetica, arial, sans-serif","paddingTop":0,"paddingBottom":5,"paddingLeft":0,"paddingRight":0}],"background":[{"show":true,"color":{"solid":{"color":"#FDFDFF"}},"_comment":10003,"transparency":0}],"dropShadow":[{"show":true,"color":{"solid":{"color":"#6656BF"}},"_comment":10113,"shadowSpread":1,"shadowBlur":5,"angle":90,"shadowDistance":3,"transparency":98,"position":"Outside","preset":"Custom"}],"border":[{"show":true,"color":{"solid":{"color":"#FFFFFF"}},"_comment":10006,"radius":6,"paddingTop":20}]}},"columnChart":{"*":{"general":[{"Responsive":false}],"subheader":[{"show":true,"fontSize":8,"fontColor":{"solid":{"color":"#000000"}},"_comment":40001,"alignment":"left","position":"top","titleWrap":false,"fontFamily":"'Segoe UI Semibold', wf_segoe-ui_semibold,helvetica, arial, sans-serif"}],"smallMultiplesLayout":[{"rowCount":2,"columnCount":2,"backgroundColor":{"solid":{"color":"#F3F4FA"}},"_comment":20011,"backgroundTransparency":0,"gridLineType":"all","gridLineColor":{"solid":{"color":"#E1E1ED90"}},"gridlineStyle":"solid","gridLineWidth":1,"gridPadding":5,"advancedPaddingOptions":false,"columnPaddingInner":5,"columnPaddingOuter":12,"rowPaddingInner":5,"rowPaddingOuter":12}],"legend":[{"show":true,"position":"Top","showTitle":true,"labelColor":{"solid":{"color":"#000000"}},"_comment":20007,"fontFamily":"'Segoe UI', wf_segoe-ui_normal,helvetica, arial, sans-serif","fontSize":8}],"categoryAxis":[{"show":true,"position":"Left","axisType":"Continuous","axisScale":"Linear","start":"Auto","end":"Auto","labelDisplayUnits":0,"labelPrecision":"Auto","labelColor":{"solid":{"color":"#000000"}},"_comment":20052,"fontSize":8,"fontFamily":"'Segoe UI', wf_segoe-ui_normal,helvetica, arial, sans-serif","preferredCategoryWidth":20,"maxMarginFactor":50,"innerPadding":50,"concatenateLabels":true,"suppressConcat":true,"showAxisTitle":true,"axisStyle":"showTitleOnly","titleColor":{"solid":{"color":"#000000"}},"titleFontSize":8,"titleFontFamily":"'Segoe UI Semibold', wf_segoe-ui_semibold,helvetica, arial, sans-serif","gridlineShow":false,"gridlineColor":{"solid":{"color":"#B0AFC8"}},"gridlineThickness":0.5,"gridlineStyle":"solid"}],"valueAxis":[{"show":true,"position":"Left","axisScale":"Linear","start":"Auto","end":"Auto","invertAxis":false,"labelColor":{"solid":{"color":"#000000"}},"_comment":20053,"fontSize":6.5,"fontFamily":"'Segoe UI', wf_segoe-ui_normal,helvetica, arial, sans-serif","labelDisplayUnits":0,"labelPrecision":"Auto","showAxisTitle":true,"axisStyle":"showTitleOnly","titleColor":{"solid":{"color":"#000000"}},"titleFontSize":8,"titleFontFamily":"'Segoe UI Semibold', wf_segoe-ui_semibold,helvetica, arial, sans-serif","gridlineShow":true,"gridlineColor":{"solid":{"color":"#E1E1ED90"}},"gridlineThickness":0.5,"gridlineStyle":"solid"}],"zoom":[{"show":false,"showOnValueAxis":false,"showOnCategoryAxis":true,"showLabels":false,"showTooltip":false}],"labels":[{"show":false,"labelDisplayUnits":0,"labelPrecision":0,"labelPosition":"OutsideEnd","labelOrientation":"horizontal","labelOverflow":true,"labelOverflowtext":true,"color":{"solid":{"color":"#000000"}},"_comment":20013,"fontSize":8,"fontFamily":"'Segoe UI', wf_segoe-ui_normal,helvetica, arial, sans-serif","enableBackground":false,"backgroundColor":{"solid":{"color":"#353870"}},"backgroundTransparency":80}],"totals":[{"show":false,"color":{"solid":{"color":"#000000"}},"_comment":20017,"labelDisplayUnits":0,"labelPrecision":"Auto","fontSize":9,"fontFamily":"'Segoe UI Semibold', wf_segoe-ui_semibold,helvetica, arial, sans-serif","enableBackground":false,"backgroundColor":{"solid":{"color":"#353870"}},"backgroundTransparency":90,"showPositiveAndNegative":false}],"plotArea":[{"transparency":0}],"title":[{"show":true,"titleWrap":true,"fontColor":{"solid":{"color":"#000000"}},"_comment":11004,"background":{"solid":{"color":"#FFFFFF00"}},"alignment":"left","fontSize":8,"fontFamily":"'Segoe UI Bold', wf_segoe-ui_bold, helvetica, arial, sans-serif","paddingTop":0,"paddingBottom":5,"paddingLeft":0,"paddingRight":0}],"background":[{"show":true,"color":{"solid":{"color":"#FDFDFF"}},"_comment":10003,"transparency":0}],"dropShadow":[{"show":true,"color":{"solid":{"color":"#6656BF"}},"_comment":10113,"shadowSpread":1,"shadowBlur":5,"angle":90,"shadowDistance":3,"transparency":98,"position":"Outside","preset":"Custom"}],"border":[{"show":true,"color":{"solid":{"color":"#FFFFFF"}},"_comment":10006,"radius":6}]}},"hundredPercentStackedBarChart":{"*":{"general":[{"responsive":false}],"subheader":[{"show":true,"fontSize":8,"fontColor":{"solid":{"color":"#000000"}},"_comment":40001,"alignment":"left","position":"top","titleWrap":false,"fontFamily":"'Segoe UI Semibold', wf_segoe-ui_semibold,helvetica, arial, sans-serif"}],"smallMultiplesLayout":[{"rowCount":2,"columnCount":2,"backgroundColor":{"solid":{"color":"#FDFDFF"}},"_comment":20011,"backgroundTransparency":0,"gridLineType":"all","gridLineColor":{"solid":{"color":"#E1E1ED90"}},"gridlineStyle":"solid","gridLineWidth":0.5,"gridPadding":5,"advancedPaddingOptions":false,"columnPaddingInner":5,"columnPaddingOuter":12,"rowPaddingInner":5,"rowPaddingOuter":12}],"legend":[{"show":true,"position":"Top","showTitle":true,"labelColor":{"solid":{"color":"#000000"}},"_comment":20007,"fontFamily":"'Segoe UI', wf_segoe-ui_normal,helvetica, arial, sans-serif","fontSize":8}],"categoryAxis":[{"show":true,"position":"Left","axisType":"Continuous","axisScale":"Linear","start":"Auto","end":"Auto","labelDisplayUnits":0,"labelPrecision":"Auto","labelColor":{"solid":{"color":"#000000"}},"_comment":20052,"fontSize":8,"fontFamily":"'Segoe UI', wf_segoe-ui_normal,helvetica, arial, sans-serif","preferredCategoryWidth":20,"maxMarginFactor":50,"innerPadding":20,"concatenateLabels":false,"suppressConcat":false,"showAxisTitle":true,"axisStyle":"showTitleOnly","titleColor":{"solid":{"color":"#000000"}},"titleFontSize":8,"titleFontFamily":"'Segoe UI Semibold', wf_segoe-ui_semibold,helvetica, arial, sans-serif","gridlineShow":false,"gridlineColor":{"solid":{"color":"#B0AFC8"}},"gridlineThickness":0.5,"gridlineStyle":"solid"}],"valueAxis":[{"show":true,"axisScale":"Linear","start":"Auto","end":"Auto","invertAxis":false,"labelColor":{"solid":{"color":"#000000"}},"_comment":20053,"fontSize":6.5,"fontFamily":"'Segoe UI', wf_segoe-ui_normal,helvetica, arial, sans-serif","labelDisplayUnits":0,"labelPrecision":"Auto","showAxisTitle":true,"axisStyle":"showTitleOnly","titleColor":{"solid":{"color":"#000000"}},"titleFontSize":8,"titleFontFamily":"'Segoe UI Semibold', wf_segoe-ui_semibold,helvetica, arial, sans-serif","gridlineShow":true,"gridlineColor":{"solid":{"color":"#E1E1ED90"}},"gridlineThickness":0.5,"gridlineStyle":"solid"}],"labels":[{"show":true,"labelDisplayUnits":0,"labelPrecision":0,"labelPosition":"OutsideEnd","labelOverflow":false,"color":{"solid":{"color":"#000000"}},"_comment":20013,"fontSize":8,"fontFamily":"'Segoe UI', wf_segoe-ui_normal,helvetica, arial, sans-serif","enableBackground":false,"backgroundColor":{"solid":{"color":"#353870"}},"backgroundTransparency":80}],"plotArea":[{"transparency":0}],"title":[{"show":true,"titleWrap":true,"fontColor":{"solid":{"color":"#000000"}},"_comment":11004,"background":{"solid":{"color":"#FFFFFF00"}},"alignment":"left","fontSize":8,"fontFamily":"'Segoe UI Bold', wf_segoe-ui_bold, helvetica, arial, sans-serif","paddingTop":0,"paddingBottom":5,"paddingLeft":0,"paddingRight":0}],"background":[{"show":true,"color":{"solid":{"color":"#FDFDFF"}},"_comment":10003,"transparency":0}],"dropShadow":[{"show":true,"color":{"solid":{"color":"#6656BF"}},"_comment":10113,"shadowSpread":1,"shadowBlur":5,"angle":90,"shadowDistance":3,"transparency":98,"position":"Outside","preset":"Custom"}],"border":[{"show":true,"color":{"solid":{"color":"#FFFFFF"}},"_comment":10006,"radius":6}]}},"hundredPercentStackedColumnChart":{"*":{"general":[{"responsive":false}],"subheader":[{"show":true,"fontSize":8,"fontColor":{"solid":{"color":"#000000"}},"_comment":40001,"alignment":"left","position":"top","titleWrap":false,"fontFamily":"'Segoe UI Semibold', wf_segoe-ui_semibold,helvetica, arial, sans-serif"}],"smallMultiplesLayout":[{"rowCount":2,"columnCount":2,"backgroundColor":{"solid":{"color":"#FDFDFF"}},"_comment":20011,"backgroundTransparency":0,"gridLineType":"all","gridLineColor":{"solid":{"color":"#E1E1ED90"}},"gridlineStyle":"solid","gridLineWidth":0.5,"gridPadding":5,"advancedPaddingOptions":false,"columnPaddingInner":5,"columnPaddingOuter":12,"rowPaddingInner":5,"rowPaddingOuter":12}],"legend":[{"show":true,"position":"Top","showTitle":true,"labelColor":{"solid":{"color":"#000000"}},"_comment":20007,"fontFamily":"'Segoe UI', wf_segoe-ui_normal,helvetica, arial, sans-serif","fontSize":8}],"categoryAxis":[{"show":true,"position":"Left","axisType":"Continuous","axisScale":"Linear","start":"Auto","end":"Auto","labelDisplayUnits":0,"labelPrecision":"Auto","labelColor":{"solid":{"color":"#000000"}},"_comment":20052,"fontSize":8,"fontFamily":"'Segoe UI', wf_segoe-ui_normal,helvetica, arial, sans-serif","preferredCategoryWidth":20,"maxMarginFactor":50,"innerPadding":20,"concatenateLabels":false,"suppressConcat":false,"showAxisTitle":true,"axisStyle":"showTitleOnly","titleColor":{"solid":{"color":"#000000"}},"titleFontSize":8,"titleFontFamily":"'Segoe UI Semibold', wf_segoe-ui_semibold,helvetica, arial, sans-serif","gridlineShow":false,"gridlineColor":{"solid":{"color":"#B0AFC8"}},"gridlineThickness":0.5,"gridlineStyle":"solid"}],"valueAxis":[{"show":true,"position":"Left","axisScale":"Linear","start":"Auto","end":"Auto","invertAxis":false,"labelColor":{"solid":{"color":"#000000"}},"_comment":20053,"fontSize":6.5,"fontFamily":"'Segoe UI', wf_segoe-ui_normal,helvetica, arial, sans-serif","labelDisplayUnits":0,"labelPrecision":"Auto","showAxisTitle":true,"axisStyle":"showTitleOnly","titleColor":{"solid":{"color":"#000000"}},"titleFontSize":8,"titleFontFamily":"'Segoe UI Semibold', wf_segoe-ui_semibold,helvetica, arial, sans-serif","gridlineShow":true,"gridlineColor":{"solid":{"color":"#E1E1ED90"}},"gridlineThickness":0.5,"gridlineStyle":"solid"}],"zoom":[{"show":false,"showOnValueAxis":false,"showOnCategoryAxis":true,"showLabels":false,"showTooltip":false}],"labels":[{"show":true,"labelDisplayUnits":0,"labelPrecision":0,"labelOrientation":"horizontal","labelPosition":"OutsideEnd","labelOverflow":false,"color":{"solid":{"color":"#000000"}},"_comment":20013,"fontSize":8,"fontFamily":"'Segoe UI', wf_segoe-ui_normal,helvetica, arial, sans-serif","enableBackground":false,"backgroundColor":{"solid":{"color":"#353870"}},"backgroundTransparency":80}],"plotArea":[{"transparency":0}],"title":[{"show":true,"titleWrap":true,"fontColor":{"solid":{"color":"#000000"}},"_comment":11004,"background":{"solid":{"color":"#FFFFFF00"}},"alignment":"left","fontSize":8,"fontFamily":"'Segoe UI Bold', wf_segoe-ui_bold, helvetica, arial, sans-serif","paddingTop":0,"paddingBottom":5,"paddingLeft":0,"paddingRight":0}],"background":[{"show":true,"color":{"solid":{"color":"#FDFDFF"}},"_comment":10003,"transparency":0}],"dropShadow":[{"show":true,"color":{"solid":{"color":"#6656BF"}},"_comment":10113,"shadowSpread":1,"shadowBlur":5,"angle":90,"shadowDistance":3,"transparency":98,"position":"Outside","preset":"Custom"}],"border":[{"show":true,"color":{"solid":{"color":"#FFFFFF"}},"_comment":10006,"radius":6}]}},"lineStackedColumnComboChart":{"*":{"general":[{"responsive":false}],"subheader":[{"show":true,"fontSize":8,"fontColor":{"solid":{"color":"#000000"}},"_comment":40001,"alignment":"left","position":"top","titleWrap":false,"fontFamily":"'Segoe UI Semibold', wf_segoe-ui_semibold,helvetica, arial, sans-serif"}],"smallMultiplesLayout":[{"rowCount":2,"columnCount":2,"backgroundColor":{"solid":{"color":"#FDFDFF"}},"_comment":20011,"backgroundTransparency":0,"gridLineType":"all","gridLineColor":{"solid":{"color":"#E1E1ED90"}},"gridlineStyle":"solid","gridLineWidth":1,"gridPadding":5,"advancedPaddingOptions":false,"columnPaddingInner":5,"columnPaddingOuter":12,"rowPaddingInner":5,"rowPaddingOuter":12}],"legend":[{"show":true,"position":"Top","showTitle":true,"labelColor":{"solid":{"color":"#000000"}},"_comment":20007,"fontFamily":"'Segoe UI', wf_segoe-ui_normal,helvetica, arial, sans-serif","fontSize":8,"legendMarkerRendering":"lineAndMarker"}],"categoryAxis":[{"show":true,"axisType":"Continous","axisScale":"Linear","start":"Auto","end":"Auto","labelDisplayUnits":0,"labelPrecision":"Auto","labelColor":{"solid":{"color":"#000000"}},"_comment":20052,"fontSize":8,"fontFamily":"'Segoe UI', wf_segoe-ui_normal,helvetica, arial, sans-serif","preferredCategoryWidth":20,"maxMarginFactor":50,"innerPadding":20,"concatenateLabels":false,"suppressConcat":false,"showAxisTitle":true,"axisStyle":"showTitleOnly","titleColor":{"solid":{"color":"#000000"}},"titleFontSize":8,"titleFontFamily":"'Segoe UI Semibold', wf_segoe-ui_semibold,helvetica, arial, sans-serif","gridlineShow":false,"gridlineColor":{"solid":{"color":"#B0AFC8"}},"gridlineThickness":0.5,"gridlineStyle":"solid"}],"valueAxis":[{"show":true,"position":"Left","axisScale":"Linear","start":"Auto","end":"Auto","invertAxis":false,"labelColor":{"solid":{"color":"#000000"}},"_comment":21115,"fontSize":6.5,"fontFamily":"'Segoe UI', wf_segoe-ui_normal,helvetica, arial, sans-serif","labelDisplayUnits":0,"labelPrecision":"Auto","showAxisTitle":true,"axisStyle":"showTitleOnly","titleColor":{"solid":{"color":"#000000"}},"titleFontSize":8,"titleFontFamily":"'Segoe UI Semibold', wf_segoe-ui_semibold,helvetica, arial, sans-serif","gridlineShow":true,"gridlineColor":{"solid":{"color":"#E1E1ED90"}},"gridlineThickness":0.5,"gridlineStyle":"solid","secShow":false,"alignZeros":true,"secAxisLabel":"","secPosition":"Right","secStart":"Auto","secEnd":"Auto","secAxisScale":"Linear","secLabelColor":{"solid":{"color":"#000000"}},"secFontSize":6.5,"secFontFamily":"'Segoe UI', wf_segoe-ui_normal,helvetica, arial, sans-serif","secLabelDisplayUnits":0,"secLabelPrecision":"Auto","secShowAxisTitle":true,"secAxisStyle":"showTitleOnly","secTitleColor":{"solid":{"color":"#000000"}},"secTitleFontSize":8,"secTitleFontFamily":"'Segoe UI Semibold', wf_segoe-ui_semibold,helvetica, arial, sans-serif"}],"zoom":[{"show":false,"showOnValueAxis":false,"showOnCategoryAxis":true,"showLabels":false,"showTooltip":false}],"labels":[{"show":false,"labelDisplayUnits":0,"labelPrecision":"auto","labelOrientation":"horizontal","labelPosition":"OutsideEnd","labelOverflow":true,"color":{"solid":{"color":"#000000"}},"_comment":20013,"fontSize":8,"fontFamily":"'Segoe UI', wf_segoe-ui_normal,helvetica, arial, sans-serif","enableBackground":false,"backgroundColor":{"solid":{"color":"#353870"}},"backgroundTransparency":80}],"totals":[{"show":false,"color":{"solid":{"color":"#000000"}},"_comment":20017,"labelDisplayUnits":0,"labelPrecision":"auto","fontSize":9,"fontFamily":"'Segoe UI Semibold', wf_segoe-ui_semibold,helvetica, arial, sans-serif","enableBackground":false,"backgroundColor":{"solid":{"color":"#353870"}},"backgroundTransparency":90,"showPositiveAndNegative":false}],"lineStyles":[{"shadeArea":false,"strokeWidth":1.5,"strokeLineJoin":"round","showMarker":true,"markerShape":"circle","markerSize":4}],"plotArea":[{"transparency":0}],"title":[{"show":true,"titleWrap":true,"fontColor":{"solid":{"color":"#000000"}},"_comment":11004,"background":{"solid":{"color":"#FFFFFF00"}},"alignment":"left","fontSize":8,"fontFamily":"'Segoe UI Bold', wf_segoe-ui_bold, helvetica, arial, sans-serif","paddingTop":0,"paddingBottom":5,"paddingLeft":0,"paddingRight":0}],"background":[{"show":true,"color":{"solid":{"color":"#FDFDFF"}},"_comment":10003,"transparency":0}],"dropShadow":[{"show":true,"color":{"solid":{"color":"#6656BF"}},"_comment":10113,"shadowSpread":1,"shadowBlur":5,"angle":90,"shadowDistance":3,"transparency":98,"position":"Outside","preset":"Custom"}],"border":[{"show":true,"color":{"solid":{"color":"#FFFFFF"}},"_comment":10006,"radius":6}]}},"lineClusteredColumnComboChart":{"*":{"general":[{"responsive":false}],"subheader":[{"show":true,"fontSize":8,"fontColor":{"solid":{"color":"#000000"}},"_comment":40001,"alignment":"left","position":"top","titleWrap":false,"fontFamily":"'Segoe UI Semibold', wf_segoe-ui_semibold,helvetica, arial, sans-serif"}],"smallMultiplesLayout":[{"rowCount":2,"columnCount":2,"backgroundColor":{"solid":{"color":"#FDFDFF"}},"_comment":20011,"backgroundTransparency":0,"gridLineType":"all","gridLineColor":{"solid":{"color":"#E1E1ED90"}},"gridlineStyle":"solid","gridLineWidth":1,"gridPadding":5,"advancedPaddingOptions":false,"columnPaddingInner":5,"columnPaddingOuter":12,"rowPaddingInner":5,"rowPaddingOuter":12}],"legend":[{"show":true,"position":"Top","showTitle":true,"labelColor":{"solid":{"color":"#000000"}},"_comment":20007,"fontFamily":"'Segoe UI', wf_segoe-ui_normal,helvetica, arial, sans-serif","fontSize":8,"legendMarkerRendering":"lineAndMarker"}],"categoryAxis":[{"show":true,"axisType":"Continous","axisScale":"Linear","start":"Auto","end":"Auto","labelDisplayUnits":0,"labelPrecision":"Auto","labelColor":{"solid":{"color":"#000000"}},"_comment":20052,"fontSize":8,"fontFamily":"'Segoe UI', wf_segoe-ui_normal,helvetica, arial, sans-serif","preferredCategoryWidth":20,"maxMarginFactor":50,"innerPadding":20,"concatenateLabels":false,"suppressConcat":false,"showAxisTitle":true,"axisStyle":"showTitleOnly","titleColor":{"solid":{"color":"#000000"}},"titleFontSize":8,"titleFontFamily":"'Segoe UI Semibold', wf_segoe-ui_semibold,helvetica, arial, sans-serif","gridlineShow":false,"gridlineColor":{"solid":{"color":"#B0AFC8"}},"gridlineThickness":0.5,"gridlineStyle":"solid"}],"valueAxis":[{"show":true,"position":"Left","axisScale":"Linear","start":"Auto","end":"Auto","invertAxis":false,"labelColor":{"solid":{"color":"#000000"}},"_comment":21115,"fontSize":6.5,"fontFamily":"'Segoe UI', wf_segoe-ui_normal,helvetica, arial, sans-serif","labelDisplayUnits":0,"labelPrecision":"Auto","showAxisTitle":true,"axisStyle":"showTitleOnly","titleColor":{"solid":{"color":"#000000"}},"titleFontSize":8,"titleFontFamily":"'Segoe UI Semibold', wf_segoe-ui_semibold,helvetica, arial, sans-serif","gridlineShow":true,"gridlineColor":{"solid":{"color":"#E1E1ED90"}},"gridlineThickness":0.5,"gridlineStyle":"solid","secShow":true,"alignZeros":false,"secAxisLabel":"","secPosition":"Right","secStart":"Auto","secEnd":"Auto","secAxisScale":"Linear","secLabelColor":{"solid":{"color":"#000000"}},"secFontSize":6.5,"secFontFamily":"'Segoe UI', wf_segoe-ui_normal,helvetica, arial, sans-serif","secLabelDisplayUnits":"0","secLabelPrecision":0,"secShowAxisTitle":true,"secAxisStyle":"showTitleOnly","secTitleColor":{"solid":{"color":"#000000"}},"secTitleFontSize":8,"secTitleFontFamily":"'Segoe UI Semibold', wf_segoe-ui_semibold,helvetica, arial, sans-serif"}],"labels":[{"show":false,"labelDisplayUnits":0,"labelPrecision":"auto","labelOrientation":"horizontal","labelPosition":"OutsideEnd","labelOverflow":true,"color":{"solid":{"color":"#ffffff"}},"_comment":20013,"fontSize":8,"fontFamily":"'Segoe UI', wf_segoe-ui_normal,helvetica, arial, sans-serif","enableBackground":false,"backgroundColor":{"solid":{"color":"#353870"}},"backgroundTransparency":80}],"lineStyles":[{"shadeArea":false,"strokeWidth":1.5,"strokeLineJoin":"bevel","showMarker":false,"markerShape":"circle","markerSize":4}],"totals":[{"show":false,"color":{"solid":{"color":"#000000"}},"_comment":20017,"labelDisplayUnits":0,"labelPrecision":0,"fontSize":9,"fontFamily":"'Segoe UI Semibold', wf_segoe-ui_semibold,helvetica, arial, sans-serif","enableBackground":false,"backgroundColor":{"solid":{"color":"#353870"}},"showPositiveAndNegative":false}],"plotArea":[{"transparency":0}],"title":[{"show":true,"titleWrap":true,"fontColor":{"solid":{"color":"#000000"}},"_comment":11004,"background":{"solid":{"color":"#FFFFFF00"}},"alignment":"left","fontSize":8,"fontFamily":"'Segoe UI Bold', wf_segoe-ui_bold, helvetica, arial, sans-serif","paddingTop":0,"paddingBottom":5,"paddingLeft":0,"paddingRight":0}],"background":[{"show":true,"color":{"solid":{"color":"#FDFDFF"}},"_comment":10003,"transparency":0}],"dropShadow":[{"show":true,"color":{"solid":{"color":"#6656BF"}},"_comment":10113,"shadowSpread":1,"shadowBlur":5,"angle":90,"shadowDistance":3,"transparency":98,"position":"Outside","preset":"Custom"}],"border":[{"show":true,"color":{"solid":{"color":"#FFFFFF"}},"_comment":10006,"radius":6}]}},"shapeMap":{"*":{"legend":[{"show":true,"position":"Top","showTitle":true,"labelColor":{"solid":{"color":"#000000"}},"_comment":20007,"fontFamily":"'Segoe UI', wf_segoe-ui_normal,helvetica, arial, sans-serif","fontSize":8}],"shape":[{"map":"austria.states.topo","projectionEnum":"equirectangular"}],"defaultColors":[{"defaultShow":true,"defaultColor":{"solid":{"color":"#e1e1ed"}},"_comment":57,"borderColor":{"solid":{"color":"#FFFFFF"}},"borderThickness":1}],"zoom":[{"autoZoom":false,"selectionZoom":false,"manualZoom":false}],"title":[{"show":true,"titleWrap":true,"fontColor":{"solid":{"color":"#000000"}},"_comment":11004,"background":{"solid":{"color":"#FFFFFF00"}},"alignment":"left","fontSize":8,"fontFamily":"'Segoe UI Bold', wf_segoe-ui_bold, helvetica, arial, sans-serif","paddingTop":0,"paddingBottom":5,"paddingLeft":0,"paddingRight":0}],"background":[{"show":true,"color":{"solid":{"color":"#FDFDFF"}},"_comment":10003,"transparency":0}],"dropShadow":[{"show":true,"color":{"solid":{"color":"#6656BF"}},"_comment":10113,"shadowSpread":1,"shadowBlur":5,"angle":90,"shadowDistance":3,"transparency":98,"position":"Outside","preset":"Custom"}]}},"filledMap":{"*":{"legend":[{"show":true,"position":"Top","showTitle":true,"labelColor":{"solid":{"color":"#000000"}},"_comment":20007,"fontFamily":"'Segoe UI', wf_segoe-ui_normal,helvetica, arial, sans-serif","fontSize":8}],"mapControls":[{"autoZoom":true,"minZoom":1}],"dataPoint":[{"transparency":0,"borderThickness":1,"borderColor":"#FFFFFF","_comment":31057}],"mapStyles":[{"mapTheme":"light","showLabels":false}],"title":[{"show":true,"titleWrap":true,"fontColor":{"solid":{"color":"#000000"}},"_comment":11004,"background":{"solid":{"color":"#FFFFFF00"}},"alignment":"left","fontSize":8,"fontFamily":"'Segoe UI Bold', wf_segoe-ui_bold, helvetica, arial, sans-serif","paddingTop":0,"paddingBottom":5,"paddingLeft":0,"paddingRight":0}],"background":[{"show":true,"color":{"solid":{"color":"#FDFDFF"}},"_comment":10003,"transparency":0}],"dropShadow":[{"show":true,"color":{"solid":{"color":"#6656BF"}},"_comment":10113,"shadowSpread":1,"shadowBlur":5,"angle":90,"shadowDistance":3,"transparency":98,"position":"Outside","preset":"Custom"}]}},"map":{"*":{"legend":[{"show":true,"position":"Top","showTitle":true,"labelColor":{"solid":{"color":"#000000"}},"_comment":20007,"fontFamily":"'Segoe UI', wf_segoe-ui_normal,helvetica, arial, sans-serif","fontSize":8}],"categoryLabels":[{"show":false,"color":{"solid":{"color":"#FFFFFF"}},"_comment":21017,"fontSize":7,"fontFamily":"'Segoe UI', wf_segoe-ui_normal,helvetica, arial, sans-serif","enableBackground":true,"backgroundColor":{"solid":{"color":"#353870"}},"backgroundTransparency":50}],"bubbles":[{"bubbleSize":-10}],"mapControls":[{"autoZoom":true,"showZoomButtons":true,"showLassoButton":true,"geocodingCulture":"ja"}],"mapStyles":[{"mapTheme":"light","showLabels":false}],"title":[{"show":true,"titleWrap":true,"fontColor":{"solid":{"color":"#000000"}},"_comment":11004,"background":{"solid":{"color":"#FFFFFF00"}},"alignment":"left","fontSize":8,"fontFamily":"'Segoe UI Bold', wf_segoe-ui_bold, helvetica, arial, sans-serif","paddingTop":0,"paddingBottom":5,"paddingLeft":0,"paddingRight":0}],"background":[{"show":true,"color":{"solid":{"color":"#FDFDFF"}},"_comment":10003,"transparency":0}],"dropShadow":[{"show":true,"color":{"solid":{"color":"#6656BF"}},"_comment":10113,"shadowSpread":1,"shadowBlur":5,"angle":90,"shadowDistance":3,"transparency":98,"position":"Outside","preset":"Custom"}]}},"decompositionTreeVisual":{"*":{"analysis":[{"aiEnabled":true,"aiMode":"Absolute"}],"tree":[{"density":"Default","accentColor":{"solid":{"color":"#000000"}},"_comment":104,"connectorDefaultColor":{"solid":{"color":"#D1D1E4"}},"connectorType":"Default","responsive":true}],"dataBars":[{"dataBarBackgroundColor":{"solid":{"color":"#e8e9f5"}},"_comment":105,"dataBarScalingType":"levelMAximum","dataBarWidthPercent":100,"negativeBarColor":{"solid":{"color":"#E23368"}},"positiveBarColor":{"solid":{"color":"#62ADFC"}}}],"categoryLabels":[{"categoryLabelFontColor":{"solid":{"color":"#000000"}},"_comment":108,"categoryLabelFontFamily":"Segoe UI ","categoryLabelFontSize":8.5}],"dataLabels":[{"dataLabelDisplayUnits":0,"labelPrecision":0,"dataLabelFontColor":{"solid":{"color":"#000000"}},"_comment":109,"dataLabelFontFamily":"'Segoe UI Bold', wf_segoe-ui_bold, helvetica, arial, sans-serif","dataLabelFontSize":9.5}],"levelHeader":[{"levelHeaderBackgroundColor":{"solid":{"color":"#F3F4FA"}},"_comment":112,"levelTitleFontColor":{"solid":{"color":"#000000"}},"levelTitleFontFamily":"'Segoe UI', wf_segoe-ui_normal,helvetica, arial, sans-serif","levelTitleFontSize":8,"levelSubtitleFontFamily":"'Segoe UI Bold', wf_segoe-ui_bold, helvetica, arial, sans-serif","levelSubtitleFontSize":8,"levelSubtitleFontColor":{"solid":{"color":"#000000"}}}],"title":[{"show":true,"titleWrap":true,"fontColor":{"solid":{"color":"#000000"}},"_comment":11004,"background":{"solid":{"color":"#FFFFFF00"}},"alignment":"left","fontSize":8,"fontFamily":"'Segoe UI Bold', wf_segoe-ui_bold, helvetica, arial, sans-serif","paddingTop":0,"paddingBottom":5,"paddingLeft":0,"paddingRight":0}],"background":[{"show":true,"color":{"solid":{"color":"#FDFDFF"}},"_comment":10003,"transparency":0}],"dropShadow":[{"show":true,"color":{"solid":{"color":"#6656BF"}},"_comment":10113,"shadowSpread":1,"shadowBlur":5,"angle":90,"shadowDistance":3,"transparency":98,"position":"Outside","preset":"Custom"}]}},"keyDriversVisual":{"*":{"keyDrivers":[{"allowKeyDrivers":true,"allowProfiles":true,"selectedNumericAnalysis":"Categorical","allowKeyDriversCounting":true}],"keyInfluencersVisual":[{"primaryColor":{"solid":{"color":"#1359F4"}},"_comment":100,"primaryFontColor":{"solid":{"color":"#FFFFFF"}},"secondaryColor":{"solid":{"color":"#D2D9E6"}},"secondaryFontColor":{"solid":{"color":"#505673"}},"canvasColor":{"solid":{"color":"#F3F4FA00"}},"fontColor":{"solid":{"color":"#505673"}},"defaultColor":{"solid":{"color":"#505673"}},"referenceLineColor":{"solid":{"color":"#000000"}}}],"keyDriversDrillVisual":[{"defaultColor":{"solid":{"color":"#D2D9E6"}},"_comment":102,"referenceLineColor":{"solid":{"color":"#000000"}}}],"title":[{"show":false,"titleWrap":true,"fontColor":{"solid":{"color":"#000000"}},"_comment":11004,"background":{"solid":{"color":"#FFFFFF00"}},"alignment":"left","fontSize":8,"fontFamily":"'Segoe UI Bold', wf_segoe-ui_bold, helvetica, arial, sans-serif","paddingTop":0,"paddingBottom":5,"paddingLeft":0,"paddingRight":0}],"background":[{"show":true,"color":{"solid":{"color":"#FDFDFF"}},"_comment":10003,"transparency":0}],"dropShadow":[{"show":true,"color":{"solid":{"color":"#6656BF"}},"_comment":10113,"shadowSpread":1,"shadowBlur":5,"angle":90,"shadowDistance":3,"transparency":98,"position":"Outside","preset":"Custom"}]}},"slicer":{"*":{"general":[{"outlineColor":{"solid":{"color":"#FFFFFF"}},"_comment":82,"outlineWeight":2,"orientation":"vertical"}],"data":[{"mode":"Basic","relativeRange":"","relativePeriod":""}],"selection":[{"selectAllCheckboxEnabled":false,"singleSelect":true}],"header":[{"show":true,"fontColor":{"solid":{"color":"#000000"}},"_comment":78,"background":{"solid":{"color":"#ffffff00"}},"outline":"None","textSize":8,"fontFamily":"'Segoe UI Semibold', wf_segoe-ui_semibold,helvetica, arial, sans-serif"}],"items":[{"fontColor":{"solid":{"color":"#000000"}},"_comment":79,"background":{"solid":{"color":"#ffffff"}},"outline":"Frame","textSize":7,"fontFamily":"'Segoe UI', wf_segoe-ui_normal,helvetica, arial, sans-serif"}],"slider":[{"color":{"solid":{"color":"#BDBDCD"}},"_comment":83}],"numericInputStyle":[{"fontColor":{"solid":{"color":"#71727A"}},"_comment":80,"textSize":8,"fontFamily":"'Segoe UI', wf_segoe-ui_normal,helvetica, arial, sans-serif","background":{"solid":{"color":"#FFFFFF"}}}],"dateRange":[{"includeToday":true}],"date":[{"fontColor":{"solid":{"color":"#000000"}},"_comment":81,"background":{"solid":{"color":"#FFFFFF"}},"textSize":6.5,"fontFamily":"'Segoe UI', wf_segoe-ui_normal,helvetica, arial, sans-serif"}],"background":[{"show":false,"color":{"solid":{"color":"#FDFDFF"}},"_comment":10003,"transparency":0}],"dropShadow":[{"show":false,"color":{"solid":{"color":"#6656BF"}},"_comment":10113,"shadowSpread":1,"shadowBlur":5,"angle":90,"shadowDistance":3,"transparency":98,"position":"Outside","preset":"Custom"}],"border":[{"show":false,"color":{"solid":{"color":"#FFFFFF"}},"_comment":10006,"radius":6}],"title":[{"show":true,"titleWrap":true,"fontColor":{"solid":{"color":"#000000"}},"_comment":11004,"background":{"solid":{"color":"#FFFFFF00"}},"alignment":"left","fontSize":8,"fontFamily":"'Segoe UI Bold', wf_segoe-ui_bold, helvetica, arial, sans-serif","paddingTop":0,"paddingBottom":5,"paddingLeft":0,"paddingRight":0}]}},"gauge":{"*":{"axis":[{"target":500}],"dataPoint":[{"fill":{"solid":{"color":"#62ADFC"}},"_comment":85,"target":{"solid":{"color":"#000000"}}}],"labels":[{"show":true,"color":{"solid":{"color":"#000000"}},"_comment":86,"labelDisplayUnits":0,"labelPrecision":0,"fontSize":8,"fontFamily":"'Segoe UI', wf_segoe-ui_normal,helvetica, arial, sans-serif"}],"target":[{"show":true,"color":{"solid":{"color":"#000000"}},"_comment":94,"labelDisplayUnits":"0","fontSize":8,"fontFamily":"'Segoe UI', wf_segoe-ui_normal,helvetica, arial, sans-serif"}],"calloutValue":[{"show":true,"color":{"solid":{"color":"#000000"}},"_comment":87,"fontFamily":"'Segoe UI Semibold', wf_segoe-ui_semibold,helvetica, arial, sans-serif","labelDisplayUnits":"0"}],"title":[{"show":true,"titleWrap":true,"fontColor":{"solid":{"color":"#000000"}},"_comment":11004,"background":{"solid":{"color":"#FFFFFF00"}},"alignment":"left","fontSize":8,"fontFamily":"'Segoe UI Bold', wf_segoe-ui_bold, helvetica, arial, sans-serif","paddingTop":0,"paddingBottom":5,"paddingLeft":0,"paddingRight":0}],"background":[{"show":true,"color":{"solid":{"color":"#FDFDFF"}},"_comment":10003,"transparency":0}],"dropShadow":[{"show":true,"color":{"solid":{"color":"#6656BF"}},"_comment":10113,"shadowSpread":1,"shadowBlur":5,"angle":90,"shadowDistance":3,"transparency":98,"position":"Outside","preset":"Custom"}]}},"kpi":{"*":{"indicator":[{"indicatorDisplayUnits":"auto","indicatorPrecision":0,"showIcon":false,"iconSize":9,"fontSize":12,"fontColor":{"solid":{"color":"#000000"}},"fontFamily":"'Segoe UI Bold', wf_segoe-ui_bold, helvetica, arial, sans-serif","horizontalAlignment":"left","verticalAlignment":"top"}],"trendline":[{"show":true,"transparency":20}],"goals":[{"showGoal":true,"goalText":"Caption","goalFontColor":{"solid":{"color":"#000000"}},"_comment":914,"fontSize":8,"goalFontFamily":"'Segoe UI Semibold', wf_segoe-ui_semibold,helvetica, arial, sans-serif","showDistance":true,"distanceFontColor":{"solid":{"color":"#000000"}},"distanceLabel":"Percent","labelPrecision":4,"distanceFontFamily":"'Segoe UI', wf_segoe-ui_normal,helvetica, arial, sans-serif","direction":"High is good","titleFontSize":8}],"status":[{"direction":"Negative","goodColor":{"solid":{"color":"#000000"}},"_comment":37,"neutralColor":{"solid":{"color":"#000000"}},"badColor":{"solid":{"color":"#000000"}}}],"visualHeader":[{"background":{"solid":{"color":"#ffffff"}},"showTooltipButton":true}],"visualHeaderTooltip":[{"background":{"solid":{"color":"#303156"}},"titleFontColor":{"solid":{"color":"#FFFFFF"}}}],"title":[{"show":true,"titleWrap":true,"fontColor":{"solid":{"color":"#0E74E1"}},"_comment":11004,"background":{"solid":{"color":"#FFFFFF00"}},"alignment":"left","fontSize":8,"fontFamily":"'Segoe UI Semibold', wf_segoe-ui_semibold,helvetica, arial, sans-serif","paddingTop":0,"paddingBottom":5,"paddingLeft":0,"paddingRight":0}],"background":[{"show":false,"color":{"solid":{"color":"#FDFDFF"}},"_comment":10003,"transparency":0}],"dropShadow":[{"show":true,"color":{"solid":{"color":"#6656BF"}},"_comment":10113,"shadowSpread":1,"shadowBlur":5,"angle":90,"shadowDistance":3,"transparency":98,"position":"Outside","preset":"Custom"}]}},"multiRowCard":{"*":{"dataLabels":[{"color":{"solid":{"color":"#000000"}},"_comment":92,"fontSize":13,"fontFamily":"'Segoe UI Bold', wf_segoe-ui_bold, helvetica, arial, sans-serif"}],"categoryLabels":[{"show":true,"color":{"solid":{"color":"#000000"}},"_comment":94,"fontSize":8,"fontFamily":"'Segoe UI', wf_segoe-ui_normal,helvetica, arial, sans-serif"}],"cardTitle":[{"color":{"solid":{"color":"#000000"}},"_comment":93,"fontSize":8,"fontFamily":"'Segoe UI Semibold', wf_segoe-ui_semibold,helvetica, arial, sans-serif"}],"card":[{"outline":"TopOnly","outlineColor":{"solid":{"color":"#ffffff"}},"_comment":89,"outlineWeight":5,"barShow":false,"barColor":{"solid":{"color":"#aaadd0"}},"barWeight":2,"cardPadding":5,"cardBackground":{"solid":{"color":"#FFFFFF00"}}}],"title":[{"show":true,"titleWrap":true,"fontColor":{"solid":{"color":"#000000"}},"_comment":11004,"background":{"solid":{"color":"#FFFFFF00"}},"alignment":"left","fontSize":8,"fontFamily":"'Segoe UI Bold', wf_segoe-ui_bold, helvetica, arial, sans-serif","paddingTop":0,"paddingBottom":5,"paddingLeft":0,"paddingRight":0}],"background":[{"show":true,"color":{"solid":{"color":"#FDFDFF"}},"_comment":10003,"transparency":0}],"dropShadow":[{"show":true,"color":{"solid":{"color":"#6656BF"}},"_comment":10113,"shadowSpread":1,"shadowBlur":5,"angle":90,"shadowDistance":3,"transparency":98,"position":"Outside","preset":"Custom"}]}},"card":{"*":{"labels":[{"color":{"solid":{"color":"#000000"}},"_comment":92,"labelDisplayUnits":0,"labelPrecision":0,"fontSize":13,"fontFamily":"'Segoe UI Bold', wf_segoe-ui_bold, helvetica, arial, sans-serif"}],"categoryLabels":[{"show":true,"color":{"solid":{"color":"#000000"}},"_comment":93,"fontSize":9,"fontFamily":"'Segoe UI Semibold', wf_segoe-ui_semibold,helvetica, arial, sans-serif"}],"wordWrap":[{"show":true}],"title":[{"show":true,"titleWrap":true,"fontColor":{"solid":{"color":"#0E74E1"}},"_comment":11004,"background":{"solid":{"color":"#FFFFFF00"}},"alignment":"left","fontSize":8,"fontFamily":"'Segoe UI Semibold', wf_segoe-ui_semibold,helvetica, arial, sans-serif","paddingTop":0,"paddingBottom":5,"paddingLeft":0,"paddingRight":0}],"background":[{"show":true,"color":{"solid":{"color":"#FDFDFF"}},"_comment":10003,"transparency":0}],"dropShadow":[{"show":true,"color":{"solid":{"color":"#6656BF"}},"_comment":10113,"shadowSpread":1,"shadowBlur":5,"angle":90,"shadowDistance":3,"transparency":98,"position":"Outside","preset":"Custom"}]}},"shape":{"*":{"outline":[{"show":false,"lineColor":{"solid":{"color":"#E1E1ED"}},"_comment":120,"transparency":93,"weight":15}],"fill":[{"show":true,"fillColor":{"solid":{"color":"#353870"}},"_comment":119,"transparency":20}],"rotation":[{"angle":0}],"visualHeader":[{"show":false}],"background":[{"show":false,"color":{"solid":{"color":"#ffffff"}},"_comment":10003,"transparency":0}],"dropShadow":[{"show":true,"color":{"solid":{"color":"#171831"}},"_comment":10021,"shadowSpread":100,"shadowBlur":0,"angle":360,"shadowDistance":100,"transparency":0,"position":"Inner","preset":"Custom"}],"border":[{"show":true,"color":{"solid":{"color":"#FFFFFF"}},"_comment":10006,"radius":6}],"title":[{"show":false,"titleWrap":true,"fontColor":{"solid":{"color":"#000000"}},"_comment":11004,"background":{"solid":{"color":"#FFFFFF00"}},"alignment":"left","fontSize":8,"fontFamily":"'Segoe UI Bold', wf_segoe-ui_bold, helvetica, arial, sans-serif","paddingTop":0,"paddingBottom":5,"paddingLeft":0,"paddingRight":0}]}},"actionButton":{"*":{"text":[{"show":true},{"$id":"default","fontFamily":"'Segoe UI', wf_segoe-ui_normal,helvetica, arial, sans-serif","fontColor":{"solid":{"color":"#ffffff"}},"fontSize":7,"verticalAlignment":"middle","horizontalAlignment":"center"},{"$id":"hover","fontFamily":"'Segoe UI', wf_segoe-ui_normal,helvetica, arial, sans-serif","fontColor":{"solid":{"color":"#ffffff"}},"fontSize":7,"verticalAlignment":"middle","horizontalAlignment":"center"},{"$id":"press","fontFamily":"'Segoe UI', wf_segoe-ui_normal,helvetica, arial, sans-serif","fontColor":{"solid":{"color":"#000000"}},"fontSize":7,"verticalAlignment":"middle","horizontalAlignment":"center"},{"$id":"selected","fontFamily":"'Segoe UI', wf_segoe-ui_normal,helvetica, arial, sans-serif","fontColor":{"solid":{"color":"#ffffff"}},"fontSize":7,"verticalAlignment":"middle","horizontalAlignment":"center"}],"icon":[{"show":true},{"$id":"default","lineColor":{"solid":{"color":"#AAADD0"}},"_comment":123}],"outline":[{"show":true},{"$id":"default","lineColor":{"solid":{"color":"#f3f3f8"}},"weight":0.8,"transparency":0},{"$id":"hover","lineColor":{"solid":{"color":"#000000"}},"weight":1,"transparency":1},{"$id":"press","lineColor":{"solid":{"color":"#000000"}},"weight":1,"transparency":1},{"$id":"selected","lineColor":{"solid":{"color":"#000000"}},"weight":1,"transparency":1}],"fill":[{"show":true},{"$id":"default","fillColor":{"solid":{"color":"#ffffff"}},"transparency":0},{"$id":"hover","fillColor":{"solid":{"color":"#000000"}},"transparency":0},{"$id":"press","fillColor":{"solid":{"color":"#AFAFC5"}},"transparency":0},{"$id":"selected","fillColor":{"solid":{"color":"#0E74E1"}},"transparency":0}],"title":[{"show":false,"titleWrap":true,"fontColor":{"solid":{"color":"#000000"}},"_comment":11004,"background":{"solid":{"color":"#FFFFFF00"}},"alignment":"left","fontSize":8,"fontFamily":"'Segoe UI Bold', wf_segoe-ui_bold, helvetica, arial, sans-serif","paddingTop":0,"paddingBottom":5,"paddingLeft":0,"paddingRight":0}],"background":[{"show":false,"color":{"solid":{"color":"#fDfDff"}},"_comment":10003,"transparency":90}],"dropShadow":[{"show":false,"color":{"solid":{"color":"#3A3776"}},"_comment":10113,"shadowSpread":1,"shadowBlur":5,"angle":90,"shadowDistance":3,"transparency":95,"position":"Outside","preset":"Custom"}],"border":[{"show":false,"color":{"solid":{"color":"#FFFFFF"}},"_comment":10006,"radius":6}]}},"qnaVisual":{"*":{"inputBox":[{"questionFontFamily":"'Segoe UI Semibold', wf_segoe-ui_semibold,helvetica, arial, sans-serif","questionFontSize":8,"questionBold":false,"questionItalic":false,"questionUnderline":false,"questionFontColor":{"solid":{"color":"#263423"}},"background":{"solid":{"color":"#FFFFFF"}},"hoverColor":{"solid":{"color":"#AFAFC5"}},"acceptedColor":{"solid":{"color":"#0078D4"}},"errorColor":{"solid":{"color":"#FF0000"}},"warningColor":{"solid":{"color":"#ED7100"}},"commitButtonBackgroundColor":{"solid":{"color":"#5252B0"}},"restatementFontFamily":"'Segoe UI Semibold', wf_segoe-ui_semibold,helvetica, arial, sans-serif","restatementFontSize":7,"restatementBold":false,"restatementItalic":false,"restatementUnderline":false,"restatementFontColor":{"solid":{"color":"#000001"}}}],"suggestions":[{"show":true,"headerFontFamily":"'Segoe UI', wf_segoe-ui_normal,helvetica, arial, sans-serif","headerFontSize":8,"headerBold":false,"headerItalic":false,"headerUnderline":false,"headerFontColor":{"solid":{"color":"#000003"}},"cardFontFamily":"'Segoe UI Semibold', wf_segoe-ui_semibold,helvetica, arial, sans-serif","cardFontSize":8,"cardFontColor":{"solid":{"color":"#000004"}},"cardBackground":{"solid":{"color":"#F7F7FB"}},"cardBold":false,"cardItalic":false,"cardUnderline":false}],"title":[{"show":true,"titleWrap":true,"fontColor":{"solid":{"color":"#000000"}},"_comment":11004,"background":{"solid":{"color":"#FFFFFF00"}},"alignment":"left","fontSize":8,"fontFamily":"'Segoe UI Bold', wf_segoe-ui_bold, helvetica, arial, sans-serif","paddingTop":0,"paddingBottom":5,"paddingLeft":0,"paddingRight":0}],"background":[{"show":true,"color":{"solid":{"color":"#FDFDFF"}},"_comment":10003,"transparency":0}],"border":[{"show":true,"color":{"solid":{"color":"#FFFFFF"}},"_comment":10006,"radius":6}]}},"textbox":{"*":{"*":[{"fontSize":8,"fontFamily":"'Segoe UI Semibold', wf_segoe-ui_semibold,helvetica, arial, sans-serif","wordWrap":false,"color":{"solid":{"color":"#000000"}}}],"title":[{"show":true,"titleWrap":true,"fontColor":{"solid":{"color":"#000000"}},"_comment":11004,"background":{"solid":{"color":"#FFFFFF00"}},"alignment":"left","fontSize":8,"fontFamily":"'Segoe UI Bold', wf_segoe-ui_bold, helvetica, arial, sans-serif","paddingTop":0,"paddingBottom":5,"paddingLeft":0,"paddingRight":0}],"background":[{"show":true,"color":{"solid":{"color":"#FDFDFF"}},"_comment":10003,"transparency":0}],"border":[{"show":true,"color":{"solid":{"color":"#FFFFFF"}},"_comment":10006,"radius":6}]}},"pageNavigator":{"*":{"shape":[{"tileShape":"arrowChevron","roundEdge":45,"chevronAngle":55}],"text":[{"show":true},{"$id":"default","fontFamily":"'Segoe UI', wf_segoe-ui_normal,helvetica, arial, sans-serif","fontColor":{"solid":{"color":"#000000"}},"fontSize":7,"verticalAlignment":"middle","horizontalAlignment":"center"},{"$id":"hover","fontFamily":"'Segoe UI', wf_segoe-ui_normal,helvetica, arial, sans-serif","fontColor":{"solid":{"color":"#ffffff"}},"fontSize":7,"verticalAlignment":"middle","horizontalAlignment":"center"},{"$id":"press","fontFamily":"'Segoe UI', wf_segoe-ui_normal,helvetica, arial, sans-serif","fontColor":{"solid":{"color":"#000000"}},"fontSize":7,"verticalAlignment":"middle","horizontalAlignment":"center"},{"$id":"selected","fontFamily":"'Segoe UI', wf_segoe-ui_normal,helvetica, arial, sans-serif","fontColor":{"solid":{"color":"#ffffff"}},"fontSize":7,"verticalAlignment":"middle","horizontalAlignment":"center"}],"fill":[{"show":true},{"$id":"default","fillColor":{"solid":{"color":"#ffffff"}},"transparency":0},{"$id":"hover","fillColor":{"solid":{"color":"#000000"}},"transparency":0},{"$id":"press","fillColor":{"solid":{"color":"#AFAFC5"}},"transparency":0},{"$id":"selected","fillColor":{"solid":{"color":"#0E74E1"}},"transparency":0}],"outline":[{"show":false},{"$id":"default","lineColor":{"solid":{"color":"#000000"}},"weight":1,"transparency":1},{"$id":"hover","lineColor":{"solid":{"color":"#000000"}},"weight":1,"transparency":1},{"$id":"press","lineColor":{"solid":{"color":"#000000"}},"weight":1,"transparency":1},{"$id":"selected","lineColor":{"solid":{"color":"#000000"}},"weight":1,"transparency":1}],"rotation":[{"angle":0,"shapeAngle":0,"textAngle":0}],"title":[{"show":false}]}},"bookmarkNavigator":{"*":{"shape":[{"tileShape":"arrowChevron","roundEdge":45,"chevronAngle":55}],"text":[{"show":true},{"$id":"default","fontFamily":"'Segoe UI', wf_segoe-ui_normal,helvetica, arial, sans-serif","fontColor":{"solid":{"color":"#000000"}},"fontSize":7,"verticalAlignment":"middle","horizontalAlignment":"center"},{"$id":"hover","fontFamily":"'Segoe UI', wf_segoe-ui_normal,helvetica, arial, sans-serif","fontColor":{"solid":{"color":"#ffffff"}},"fontSize":7,"verticalAlignment":"middle","horizontalAlignment":"center"},{"$id":"press","fontFamily":"'Segoe UI', wf_segoe-ui_normal,helvetica, arial, sans-serif","fontColor":{"solid":{"color":"#000000"}},"fontSize":7,"verticalAlignment":"middle","horizontalAlignment":"center"},{"$id":"selected","fontFamily":"'Segoe UI', wf_segoe-ui_normal,helvetica, arial, sans-serif","fontColor":{"solid":{"color":"#ffffff"}},"fontSize":7,"verticalAlignment":"middle","horizontalAlignment":"center"}],"fill":[{"show":true},{"$id":"default","fillColor":{"solid":{"color":"#ffffff"}},"transparency":0},{"$id":"hover","fillColor":{"solid":{"color":"#000000"}},"transparency":0},{"$id":"press","fillColor":{"solid":{"color":"#AFAFC5"}},"transparency":0},{"$id":"selected","fillColor":{"solid":{"color":"#0E74E1"}},"transparency":0}],"outline":[{"show":true},{"$id":"default","lineColor":{"solid":{"color":"#F3F2F3"}},"weight":1,"transparency":0},{"$id":"hover","lineColor":{"solid":{"color":"#000000"}},"weight":1,"transparency":1},{"$id":"press","lineColor":{"solid":{"color":"#000000"}},"weight":0,"transparency":1},{"$id":"selected","lineColor":{"solid":{"color":"#000000"}},"weight":0,"transparency":1}],"rotation":[{"angle":0,"shapeAngle":0,"textAngle":0}],"title":[{"show":false}]}},"*":{"*":{"visualTooltip":[{"titleFontColor":{"solid":{"color":"#CFD1FF"}},"_comment":118,"valueFontColor":{"solid":{"color":"#FFFFFF"}},"background":{"solid":{"color":"#303156"}},"transparency":5}],"border":[{"show":true,"color":{"solid":{"color":"#FFFFFF"}},"_comment":10006,"radius":6}]}}},"textClasses":{"label":{"fontFace":"'Segoe UI', wf_segoe-ui_normal,helvetica, arial, sans-serif","fontSize":9,"color":"#000000","_comment":4441},"header":{"fontSize":10,"fontFace":"'Segoe UI Semibold', wf_segoe-ui_semibold, helvetica, arial, sans-serif","color":"#000000","_comment":4441}},"foreground":"#000000","foregroundNeutralSecondary":"#000000","backgroundLight":"#EEEFF8","foregroundNeutralTertiary":"#70708D","background":"#FFFFFF","backgroundNeutral":"#AFAFC5","bad":"#E23368","neutral":"#FFB96B","good":"#1FCB97","minimum":"#9FC7F3","center":"#0E74E1","maximum":"#2C2959"}